,ground.x,ground.y,ground.z,ground.e0,ground.e1,ground.e2,ground.e3,MS.rbs_block.x,MS.rbs_block.y,MS.rbs_block.z,MS.rbs_block.e0,MS.rbs_block.e1,MS.rbs_block.e2,MS.rbs_block.e3,MS.rbs_dummy.x,MS.rbs_dummy.y,MS.rbs_dummy.z,MS.rbs_dummy.e0,MS.rbs_dummy.e1,MS.rbs_dummy.e2,MS.rbs_dummy.e3
0,0.0,0.0,0.0,1.0,0.0,0.0,0.0,0.0,0.0,-100.0,1.0,0.0,0.0,0.0,0.0,0.0,0.0,1.0,0.0,0.0,0.0
1,0.0,0.0,0.0,1.0,0.0,0.0,0.0,0.0,0.0,-100.1548768464521,1.0,0.0,0.0,0.0,0.0,0.0,0.0,1.0,0.0,0.0,0.0
2,0.0,0.0,0.0,1.0,0.0,0.0,0.0,0.0,0.0,-100.61681864902877,1.0,0.0,0.0,0.0,0.0,0.0,0.0,1.0,0.0,0.0,0.0
3,0.0,0.0,0.0,1.0,0.0,0.0,0.0,0.0,0.0,-101.38000463712667,1.0,0.0,0.0,0.0,0.0,0.0,0.0,1.0,0.0,0.0,0.0
4,0.0,0.0,0.0,1.0,0.0,0.0,0.0,0.0,0.0,-102.43774364810412,1.0,0.0,0.0,0.0,0.0,0.0,0.0,1.0,0.0,0.0,0.0
5,0.0,0.0,0.0,1.0,0.0,0.0,0.0,0.0,0.0,-103.78250765253803,1.0,0.0,0.0,0.0,0.0,0.0,0.0,1.0,0.0,0.0,0.0
6,0.0,0.0,0.0,1.0,0.0,0.0,0.0,0.0,0.0,-105.40596745107447,1.0,0.0,0.0,0.0,0.0,0.0,0.0,1.0,0.0,0.0,0.0
7,0.0,0.0,0.0,1.0,0.0,0.0,0.0,0.0,0.0,-107.29903039911123,1.0,0.0,0.0,0.0,0.0,0.0,0.0,1.0,0.0,0.0,0.0
8,0.0,0.0,0.0,1.0,0.0,0.0,0.0,0.0,0.0,-109.45188001117599,1.0,0.0,0.0,0.0,0.0,0.0,0.0,1.0,0.0,0.0,0.0
9,0.0,0.0,0.0,1.0,0.0,0.0,0.0,0.0,0.0,-111.85401729302045,1.0,0.0,0.0,0.0,0.0,0.0,0.0,1.0,0.0,0.0,0.0
10,0.0,0.0,0.0,1.0,0.0,0.0,0.0,0.0,0.0,-114.4943036461424,1.0,0.0,0.0,0.0,0.0,0.0,0.0,1.0,0.0,0.0,0.0
11,0.0,0.0,0.0,1.0,0.0,0.0,0.0,0.0,0.0,-117.3610051866776,1.0,0.0,0.0,0.0,0.0,0.0,0.0,1.0,0.0,0.0,0.0
12,0.0,0.0,0.0,1.0,0.0,0.0,0.0,0.0,0.0,-120.44183831837279,1.0,0.0,0.0,0.0,0.0,0.0,0.0,1.0,0.0,0.0,0.0
13,0.0,0.0,0.0,1.0,0.0,0.0,0.0,0.0,0.0,-123.72401639765947,1.0,0.0,0.0,0.0,0.0,0.0,0.0,1.0,0.0,0.0,0.0
14,0.0,0.0,0.0,1.0,0.0,0.0,0.0,0.0,0.0,-127.19429732769227,1.0,0.0,0.0,0.0,0.0,0.0,0.0,1.0,0.0,0.0,0.0
15,0.0,0.0,0.0,1.0,0.0,0.0,0.0,0.0,0.0,-130.8390319175933,1.0,0.0,0.0,0.0,0.0,0.0,0.0,1.0,0.0,0.0,0.0
16,0.0,0.0,0.0,1.0,0.0,0.0,0.0,0.0,0.0,-134.64421284304743,1.0,0.0,0.0,0.0,0.0,0.0,0.0,1.0,0.0,0.0,0.0
17,0.0,0.0,0.0,1.0,0.0,0.0,0.0,0.0,0.0,-138.59552404481767,1.0,0.0,0.0,0.0,0.0,0.0,0.0,1.0,0.0,0.0,0.0
18,0.0,0.0,0.0,1.0,0.0,0.0,0.0,0.0,0.0,-142.67839040268424,1.0,0.0,0.0,0.0,0.0,0.0,0.0,1.0,0.0,0.0,0.0
19,0.0,0.0,0.0,1.0,0.0,0.0,0.0,0.0,0.0,-146.8780275237467,1.0,0.0,0.0,0.0,0.0,0.0,0.0,1.0,0.0,0.0,0.0
20,0.0,0.0,0.0,1.0,0.0,0.0,0.0,0.0,0.0,-151.17949148595318,1.0,0.0,0.0,0.0,0.0,0.0,0.0,1.0,0.0,0.0,0.0
21,0.0,0.0,0.0,1.0,0.0,0.0,0.0,0.0,0.0,-155.56772838012162,1.0,0.0,0.0,0.0,0.0,0.0,0.0,1.0,0.0,0.0,0.0
22,0.0,0.0,0.0,1.0,0.0,0.0,0.0,0.0,0.0,-160.02762349658084,1.0,0.0,0.0,0.0,0.0,0.0,0.0,1.0,0.0,0.0,0.0
23,0.0,0.0,0.0,1.0,0.0,0.0,0.0,0.0,0.0,-164.54405000586743,1.0,0.0,0.0,0.0,0.0,0.0,0.0,1.0,0.0,0.0,0.0
24,0.0,0.0,0.0,1.0,0.0,0.0,0.0,0.0,0.0,-169.10191698665326,1.0,0.0,0.0,0.0,0.0,0.0,0.0,1.0,0.0,0.0,0.0
25,0.0,0.0,0.0,1.0,0.0,0.0,0.0,0.0,0.0,-173.68621665822772,1.0,0.0,0.0,0.0,0.0,0.0,0.0,1.0,0.0,0.0,0.0
26,0.0,0.0,0.0,1.0,0.0,0.0,0.0,0.0,0.0,-178.2820706794008,1.0,0.0,0.0,0.0,0.0,0.0,0.0,1.0,0.0,0.0,0.0
27,0.0,0.0,0.0,1.0,0.0,0.0,0.0,0.0,0.0,-182.87477538060773,1.0,0.0,0.0,0.0,0.0,0.0,0.0,1.0,0.0,0.0,0.0
28,0.0,0.0,0.0,1.0,0.0,0.0,0.0,0.0,0.0,-187.44984580126228,1.0,0.0,0.0,0.0,0.0,0.0,0.0,1.0,0.0,0.0,0.0
29,0.0,0.0,0.0,1.0,0.0,0.0,0.0,0.0,0.0,-191.99305841000194,1.0,0.0,0.0,0.0,0.0,0.0,0.0,1.0,0.0,0.0,0.0
30,0.0,0.0,0.0,1.0,0.0,0.0,0.0,0.0,0.0,-196.49049239137216,1.0,0.0,0.0,0.0,0.0,0.0,0.0,1.0,0.0,0.0,0.0
31,0.0,0.0,0.0,1.0,0.0,0.0,0.0,0.0,0.0,-200.92856938868567,1.0,0.0,0.0,0.0,0.0,0.0,0.0,1.0,0.0,0.0,0.0
32,0.0,0.0,0.0,1.0,0.0,0.0,0.0,0.0,0.0,-205.29409159924194,1.0,0.0,0.0,0.0,0.0,0.0,0.0,1.0,0.0,0.0,0.0
33,0.0,0.0,0.0,1.0,0.0,0.0,0.0,0.0,0.0,-209.57427812477832,1.0,0.0,0.0,0.0,0.0,0.0,0.0,1.0,0.0,0.0,0.0
34,0.0,0.0,0.0,1.0,0.0,0.0,0.0,0.0,0.0,-213.7567994869237,1.0,0.0,0.0,0.0,0.0,0.0,0.0,1.0,0.0,0.0,0.0
35,0.0,0.0,0.0,1.0,0.0,0.0,0.0,0.0,0.0,-217.82981022451094,1.0,0.0,0.0,0.0,0.0,0.0,0.0,1.0,0.0,0.0,0.0
36,0.0,0.0,0.0,1.0,0.0,0.0,0.0,0.0,0.0,-221.78197949685344,1.0,0.0,0.0,0.0,0.0,0.0,0.0,1.0,0.0,0.0,0.0
37,0.0,0.0,0.0,1.0,0.0,0.0,0.0,0.0,0.0,-225.60251962447754,1.0,0.0,0.0,0.0,0.0,0.0,0.0,1.0,0.0,0.0,0.0
38,0.0,0.0,0.0,1.0,0.0,0.0,0.0,0.0,0.0,-229.28121250629889,1.0,0.0,0.0,0.0,0.0,0.0,0.0,1.0,0.0,0.0,0.0
39,0.0,0.0,0.0,1.0,0.0,0.0,0.0,0.0,0.0,-232.8084338598169,1.0,0.0,0.0,0.0,0.0,0.0,0.0,1.0,0.0,0.0,0.0
40,0.0,0.0,0.0,1.0,0.0,0.0,0.0,0.0,0.0,-236.17517523854573,1.0,0.0,0.0,0.0,0.0,0.0,0.0,1.0,0.0,0.0,0.0
41,0.0,0.0,0.0,1.0,0.0,0.0,0.0,0.0,0.0,-239.37306378858312,1.0,0.0,0.0,0.0,0.0,0.0,0.0,1.0,0.0,0.0,0.0
42,0.0,0.0,0.0,1.0,0.0,0.0,0.0,0.0,0.0,-242.39437971391115,1.0,0.0,0.0,0.0,0.0,0.0,0.0,1.0,0.0,0.0,0.0
43,0.0,0.0,0.0,1.0,0.0,0.0,0.0,0.0,0.0,-245.23207142770394,1.0,0.0,0.0,0.0,0.0,0.0,0.0,1.0,0.0,0.0,0.0
44,0.0,0.0,0.0,1.0,0.0,0.0,0.0,0.0,0.0,-247.8797683745605,1.0,0.0,0.0,0.0,0.0,0.0,0.0,1.0,0.0,0.0,0.0
45,0.0,0.0,0.0,1.0,0.0,0.0,0.0,0.0,0.0,-250.33179151616292,1.0,0.0,0.0,0.0,0.0,0.0,0.0,1.0,0.0,0.0,0.0
46,0.0,0.0,0.0,1.0,0.0,0.0,0.0,0.0,0.0,-252.58316148035937,1.0,0.0,0.0,0.0,0.0,0.0,0.0,1.0,0.0,0.0,0.0
47,0.0,0.0,0.0,1.0,0.0,0.0,0.0,0.0,0.0,-254.62960438106282,1.0,0.0,0.0,0.0,0.0,0.0,0.0,1.0,0.0,0.0,0.0
48,0.0,0.0,0.0,1.0,0.0,0.0,0.0,0.0,0.0,-256.4675553236209,1.0,0.0,0.0,0.0,0.0,0.0,0.0,1.0,0.0,0.0,0.0
49,0.0,0.0,0.0,1.0,0.0,0.0,0.0,0.0,0.0,-258.0941596174256,1.0,0.0,0.0,0.0,0.0,0.0,0.0,1.0,0.0,0.0,0.0
50,0.0,0.0,0.0,1.0,0.0,0.0,0.0,0.0,0.0,-259.5072717244768,1.0,0.0,0.0,0.0,0.0,0.0,0.0,1.0,0.0,0.0,0.0
51,0.0,0.0,0.0,1.0,0.0,0.0,0.0,0.0,0.0,-260.7054519793688,1.0,0.0,0.0,0.0,0.0,0.0,0.0,1.0,0.0,0.0,0.0
52,0.0,0.0,0.0,1.0,0.0,0.0,0.0,0.0,0.0,-261.68796112271383,1.0,0.0,0.0,0.0,0.0,0.0,0.0,1.0,0.0,0.0,0.0
53,0.0,0.0,0.0,1.0,0.0,0.0,0.0,0.0,0.0,-262.4547526963415,1.0,0.0,0.0,0.0,0.0,0.0,0.0,1.0,0.0,0.0,0.0
54,0.0,0.0,0.0,1.0,0.0,0.0,0.0,0.0,0.0,-263.00646335468645,1.0,0.0,0.0,0.0,0.0,0.0,0.0,1.0,0.0,0.0,0.0
55,0.0,0.0,0.0,1.0,0.0,0.0,0.0,0.0,0.0,-263.34440115260134,1.0,0.0,0.0,0.0,0.0,0.0,0.0,1.0,0.0,0.0,0.0
56,0.0,0.0,0.0,1.0,0.0,0.0,0.0,0.0,0.0,-263.47053187537506,1.0,0.0,0.0,0.0,0.0,0.0,0.0,1.0,0.0,0.0,0.0
57,0.0,0.0,0.0,1.0,0.0,0.0,0.0,0.0,0.0,-263.38746348199857,1.0,0.0,0.0,0.0,0.0,0.0,0.0,1.0,0.0,0.0,0.0
58,0.0,0.0,0.0,1.0,0.0,0.0,0.0,0.0,0.0,-263.0984287376797,1.0,0.0,0.0,0.0,0.0,0.0,0.0,1.0,0.0,0.0,0.0
59,0.0,0.0,0.0,1.0,0.0,0.0,0.0,0.0,0.0,-262.6072661162587,1.0,0.0,0.0,0.0,0.0,0.0,0.0,1.0,0.0,0.0,0.0
60,0.0,0.0,0.0,1.0,0.0,0.0,0.0,0.0,0.0,-261.91839905750396,1.0,0.0,0.0,0.0,0.0,0.0,0.0,1.0,0.0,0.0,0.0
61,0.0,0.0,0.0,1.0,0.0,0.0,0.0,0.0,0.0,-261.03681366826646,1.0,0.0,0.0,0.0,0.0,0.0,0.0,1.0,0.0,0.0,0.0
62,0.0,0.0,0.0,1.0,0.0,0.0,0.0,0.0,0.0,-259.9680349601301,1.0,0.0,0.0,0.0,0.0,0.0,0.0,1.0,0.0,0.0,0.0
63,0.0,0.0,0.0,1.0,0.0,0.0,0.0,0.0,0.0,-258.71810171951154,1.0,0.0,0.0,0.0,0.0,0.0,0.0,1.0,0.0,0.0,0.0
64,0.0,0.0,0.0,1.0,0.0,0.0,0.0,0.0,0.0,-257.2935401091251,1.0,0.0,0.0,0.0,0.0,0.0,0.0,1.0,0.0,0.0,0.0
65,0.0,0.0,0.0,1.0,0.0,0.0,0.0,0.0,0.0,-255.7013361023404,1.0,0.0,0.0,0.0,0.0,0.0,0.0,1.0,0.0,0.0,0.0
66,0.0,0.0,0.0,1.0,0.0,0.0,0.0,0.0,0.0,-253.94890685420845,1.0,0.0,0.0,0.0,0.0,0.0,0.0,1.0,0.0,0.0,0.0
67,0.0,0.0,0.0,1.0,0.0,0.0,0.0,0.0,0.0,-252.0440711148247,1.0,0.0,0.0,0.0,0.0,0.0,0.0,1.0,0.0,0.0,0.0
68,0.0,0.0,0.0,1.0,0.0,0.0,0.0,0.0,0.0,-249.99501879222615,1.0,0.0,0.0,0.0,0.0,0.0,0.0,1.0,0.0,0.0,0.0
69,0.0,0.0,0.0,1.0,0.0,0.0,0.0,0.0,0.0,-247.81027977318846,1.0,0.0,0.0,0.0,0.0,0.0,0.0,1.0,0.0,0.0,0.0
70,0.0,0.0,0.0,1.0,0.0,0.0,0.0,0.0,0.0,-245.49869211109842,1.0,0.0,0.0,0.0,0.0,0.0,0.0,1.0,0.0,0.0,0.0
71,0.0,0.0,0.0,1.0,0.0,0.0,0.0,0.0,0.0,-243.06936969052956,1.0,0.0,0.0,0.0,0.0,0.0,0.0,1.0,0.0,0.0,0.0
72,0.0,0.0,0.0,1.0,0.0,0.0,0.0,0.0,0.0,-240.53166947824744,1.0,0.0,0.0,0.0,0.0,0.0,0.0,1.0,0.0,0.0,0.0
73,0.0,0.0,0.0,1.0,0.0,0.0,0.0,0.0,0.0,-237.89515847012268,1.0,0.0,0.0,0.0,0.0,0.0,0.0,1.0,0.0,0.0,0.0
74,0.0,0.0,0.0,1.0,0.0,0.0,0.0,0.0,0.0,-235.16958044283624,1.0,0.0,0.0,0.0,0.0,0.0,0.0,1.0,0.0,0.0,0.0
75,0.0,0.0,0.0,1.0,0.0,0.0,0.0,0.0,0.0,-232.36482261833456,1.0,0.0,0.0,0.0,0.0,0.0,0.0,1.0,0.0,0.0,0.0
76,0.0,0.0,0.0,1.0,0.0,0.0,0.0,0.0,0.0,-229.4908823477348,1.0,0.0,0.0,0.0,0.0,0.0,0.0,1.0,0.0,0.0,0.0
77,0.0,0.0,0.0,1.0,0.0,0.0,0.0,0.0,0.0,-226.557833919804,1.0,0.0,0.0,0.0,0.0,0.0,0.0,1.0,0.0,0.0,0.0
78,0.0,0.0,0.0,1.0,0.0,0.0,0.0,0.0,0.0,-223.57579559724994,1.0,0.0,0.0,0.0,0.0,0.0,0.0,1.0,0.0,0.0,0.0
79,0.0,0.0,0.0,1.0,0.0,0.0,0.0,0.0,0.0,-220.55489698187472,1.0,0.0,0.0,0.0,0.0,0.0,0.0,1.0,0.0,0.0,0.0
80,0.0,0.0,0.0,1.0,0.0,0.0,0.0,0.0,0.0,-217.50524680716734,1.0,0.0,0.0,0.0,0.0,0.0,0.0,1.0,0.0,0.0,0.0
81,0.0,0.0,0.0,1.0,0.0,0.0,0.0,0.0,0.0,-214.43690125415944,1.0,0.0,0.0,0.0,0.0,0.0,0.0,1.0,0.0,0.0,0.0
82,0.0,0.0,0.0,1.0,0.0,0.0,0.0,0.0,0.0,-211.35983288335296,1.0,0.0,0.0,0.0,0.0,0.0,0.0,1.0,0.0,0.0,0.0
83,0.0,0.0,0.0,1.0,0.0,0.0,0.0,0.0,0.0,-208.28390027226186,1.0,0.0,0.0,0.0,0.0,0.0,0.0,1.0,0.0,0.0,0.0
84,0.0,0.0,0.0,1.0,0.0,0.0,0.0,0.0,0.0,-205.21881844460574,1.0,0.0,0.0,0.0,0.0,0.0,0.0,1.0,0.0,0.0,0.0
85,0.0,0.0,0.0,1.0,0.0,0.0,0.0,0.0,0.0,-202.17413017346868,1.0,0.0,0.0,0.0,0.0,0.0,0.0,1.0,0.0,0.0,0.0
86,0.0,0.0,0.0,1.0,0.0,0.0,0.0,0.0,0.0,-199.15917823680147,1.0,0.0,0.0,0.0,0.0,0.0,0.0,1.0,0.0,0.0,0.0
87,0.0,0.0,0.0,1.0,0.0,0.0,0.0,0.0,0.0,-196.18307869952113,1.0,0.0,0.0,0.0,0.0,0.0,0.0,1.0,0.0,0.0,0.0
88,0.0,0.0,0.0,1.0,0.0,0.0,0.0,0.0,0.0,-193.25469529215903,1.0,0.0,0.0,0.0,0.0,0.0,0.0,1.0,0.0,0.0,0.0
89,0.0,0.0,0.0,1.0,0.0,0.0,0.0,0.0,0.0,-190.38261495154654,1.0,0.0,0.0,0.0,0.0,0.0,0.0,1.0,0.0,0.0,0.0
90,0.0,0.0,0.0,1.0,0.0,0.0,0.0,0.0,0.0,-187.57512458442199,1.0,0.0,0.0,0.0,0.0,0.0,0.0,1.0,0.0,0.0,0.0
91,0.0,0.0,0.0,1.0,0.0,0.0,0.0,0.0,0.0,-184.8401891101084,1.0,0.0,0.0,0.0,0.0,0.0,0.0,1.0,0.0,0.0,0.0
92,0.0,0.0,0.0,1.0,0.0,0.0,0.0,0.0,0.0,-182.18543083356883,1.0,0.0,0.0,0.0,0.0,0.0,0.0,1.0,0.0,0.0,0.0
93,0.0,0.0,0.0,1.0,0.0,0.0,0.0,0.0,0.0,-179.61811019520783,1.0,0.0,0.0,0.0,0.0,0.0,0.0,1.0,0.0,0.0,0.0
94,0.0,0.0,0.0,1.0,0.0,0.0,0.0,0.0,0.0,-177.14510793877503,1.0,0.0,0.0,0.0,0.0,0.0,0.0,1.0,0.0,0.0,0.0
95,0.0,0.0,0.0,1.0,0.0,0.0,0.0,0.0,0.0,-174.7729087336518,1.0,0.0,0.0,0.0,0.0,0.0,0.0,1.0,0.0,0.0,0.0
96,0.0,0.0,0.0,1.0,0.0,0.0,0.0,0.0,0.0,-172.50758628268738,1.0,0.0,0.0,0.0,0.0,0.0,0.0,1.0,0.0,0.0,0.0
97,0.0,0.0,0.0,1.0,0.0,0.0,0.0,0.0,0.0,-170.35478994160724,1.0,0.0,0.0,0.0,0.0,0.0,0.0,1.0,0.0,0.0,0.0
98,0.0,0.0,0.0,1.0,0.0,0.0,0.0,0.0,0.0,-168.3197328708657,1.0,0.0,0.0,0.0,0.0,0.0,0.0,1.0,0.0,0.0,0.0
99,0.0,0.0,0.0,1.0,0.0,0.0,0.0,0.0,0.0,-166.40718173567046,1.0,0.0,0.0,0.0,0.0,0.0,0.0,1.0,0.0,0.0,0.0
100,0.0,0.0,0.0,1.0,0.0,0.0,0.0,0.0,0.0,-164.6214479647849,1.0,0.0,0.0,0.0,0.0,0.0,0.0,1.0,0.0,0.0,0.0
101,0.0,0.0,0.0,1.0,0.0,0.0,0.0,0.0,0.0,-162.9663805736327,1.0,0.0,0.0,0.0,0.0,0.0,0.0,1.0,0.0,0.0,0.0
102,0.0,0.0,0.0,1.0,0.0,0.0,0.0,0.0,0.0,-161.44536055220192,1.0,0.0,0.0,0.0,0.0,0.0,0.0,1.0,0.0,0.0,0.0
103,0.0,0.0,0.0,1.0,0.0,0.0,0.0,0.0,0.0,-160.06129681328744,1.0,0.0,0.0,0.0,0.0,0.0,0.0,1.0,0.0,0.0,0.0
104,0.0,0.0,0.0,1.0,0.0,0.0,0.0,0.0,0.0,-158.81662369173887,1.0,0.0,0.0,0.0,0.0,0.0,0.0,1.0,0.0,0.0,0.0
105,0.0,0.0,0.0,1.0,0.0,0.0,0.0,0.0,0.0,-157.71329998060546,1.0,0.0,0.0,0.0,0.0,0.0,0.0,1.0,0.0,0.0,0.0
106,0.0,0.0,0.0,1.0,0.0,0.0,0.0,0.0,0.0,-156.75280948540853,1.0,0.0,0.0,0.0,0.0,0.0,0.0,1.0,0.0,0.0,0.0
107,0.0,0.0,0.0,1.0,0.0,0.0,0.0,0.0,0.0,-155.93616307323532,1.0,0.0,0.0,0.0,0.0,0.0,0.0,1.0,0.0,0.0,0.0
108,0.0,0.0,0.0,1.0,0.0,0.0,0.0,0.0,0.0,-155.2639021889497,1.0,0.0,0.0,0.0,0.0,0.0,0.0,1.0,0.0,0.0,0.0
109,0.0,0.0,0.0,1.0,0.0,0.0,0.0,0.0,0.0,-154.73610380656737,1.0,0.0,0.0,0.0,0.0,0.0,0.0,1.0,0.0,0.0,0.0
110,0.0,0.0,0.0,1.0,0.0,0.0,0.0,0.0,0.0,-154.3523867797566,1.0,0.0,0.0,0.0,0.0,0.0,0.0,1.0,0.0,0.0,0.0
111,0.0,0.0,0.0,1.0,0.0,0.0,0.0,0.0,0.0,-154.11191955151017,1.0,0.0,0.0,0.0,0.0,0.0,0.0,1.0,0.0,0.0,0.0
112,0.0,0.0,0.0,1.0,0.0,0.0,0.0,0.0,0.0,-154.01342917930242,1.0,0.0,0.0,0.0,0.0,0.0,0.0,1.0,0.0,0.0,0.0
113,0.0,0.0,0.0,1.0,0.0,0.0,0.0,0.0,0.0,-154.055211628503,1.0,0.0,0.0,0.0,0.0,0.0,0.0,1.0,0.0,0.0,0.0
114,0.0,0.0,0.0,1.0,0.0,0.0,0.0,0.0,0.0,-154.23514328347758,1.0,0.0,0.0,0.0,0.0,0.0,0.0,1.0,0.0,0.0,0.0
115,0.0,0.0,0.0,1.0,0.0,0.0,0.0,0.0,0.0,-154.55069362267113,1.0,0.0,0.0,0.0,0.0,0.0,0.0,1.0,0.0,0.0,0.0
116,0.0,0.0,0.0,1.0,0.0,0.0,0.0,0.0,0.0,-154.99893900104937,1.0,0.0,0.0,0.0,0.0,0.0,0.0,1.0,0.0,0.0,0.0
117,0.0,0.0,0.0,1.0,0.0,0.0,0.0,0.0,0.0,-155.57657748057508,1.0,0.0,0.0,0.0,0.0,0.0,0.0,1.0,0.0,0.0,0.0
118,0.0,0.0,0.0,1.0,0.0,0.0,0.0,0.0,0.0,-156.2799446469217,1.0,0.0,0.0,0.0,0.0,0.0,0.0,1.0,0.0,0.0,0.0
119,0.0,0.0,0.0,1.0,0.0,0.0,0.0,0.0,0.0,-157.10503034838467,1.0,0.0,0.0,0.0,0.0,0.0,0.0,1.0,0.0,0.0,0.0
120,0.0,0.0,0.0,1.0,0.0,0.0,0.0,0.0,0.0,-158.04749629094218,1.0,0.0,0.0,0.0,0.0,0.0,0.0,1.0,0.0,0.0,0.0
121,0.0,0.0,0.0,1.0,0.0,0.0,0.0,0.0,0.0,-159.10269442164633,1.0,0.0,0.0,0.0,0.0,0.0,0.0,1.0,0.0,0.0,0.0
122,0.0,0.0,0.0,1.0,0.0,0.0,0.0,0.0,0.0,-160.26568603099432,1.0,0.0,0.0,0.0,0.0,0.0,0.0,1.0,0.0,0.0,0.0
123,0.0,0.0,0.0,1.0,0.0,0.0,0.0,0.0,0.0,-161.53126150363948,1.0,0.0,0.0,0.0,0.0,0.0,0.0,1.0,0.0,0.0,0.0
124,0.0,0.0,0.0,1.0,0.0,0.0,0.0,0.0,0.0,-162.8939606457535,1.0,0.0,0.0,0.0,0.0,0.0,0.0,1.0,0.0,0.0,0.0
125,0.0,0.0,0.0,1.0,0.0,0.0,0.0,0.0,0.0,-164.34809351654496,1.0,0.0,0.0,0.0,0.0,0.0,0.0,1.0,0.0,0.0,0.0
126,0.0,0.0,0.0,1.0,0.0,0.0,0.0,0.0,0.0,-165.88776169087285,1.0,0.0,0.0,0.0,0.0,0.0,0.0,1.0,0.0,0.0,0.0
127,0.0,0.0,0.0,1.0,0.0,0.0,0.0,0.0,0.0,-167.50687987956815,1.0,0.0,0.0,0.0,0.0,0.0,0.0,1.0,0.0,0.0,0.0
128,0.0,0.0,0.0,1.0,0.0,0.0,0.0,0.0,0.0,-169.19919783398572,1.0,0.0,0.0,0.0,0.0,0.0,0.0,1.0,0.0,0.0,0.0
129,0.0,0.0,0.0,1.0,0.0,0.0,0.0,0.0,0.0,-170.95832246145355,1.0,0.0,0.0,0.0,0.0,0.0,0.0,1.0,0.0,0.0,0.0
130,0.0,0.0,0.0,1.0,0.0,0.0,0.0,0.0,0.0,-172.77774007865963,1.0,0.0,0.0,0.0,0.0,0.0,0.0,1.0,0.0,0.0,0.0
131,0.0,0.0,0.0,1.0,0.0,0.0,0.0,0.0,0.0,-174.65083873061673,1.0,0.0,0.0,0.0,0.0,0.0,0.0,1.0,0.0,0.0,0.0
132,0.0,0.0,0.0,1.0,0.0,0.0,0.0,0.0,0.0,-176.57093050366456,1.0,0.0,0.0,0.0,0.0,0.0,0.0,1.0,0.0,0.0,0.0
133,0.0,0.0,0.0,1.0,0.0,0.0,0.0,0.0,0.0,-178.5312737620039,1.0,0.0,0.0,0.0,0.0,0.0,0.0,1.0,0.0,0.0,0.0
134,0.0,0.0,0.0,1.0,0.0,0.0,0.0,0.0,0.0,-180.52509523849977,1.0,0.0,0.0,0.0,0.0,0.0,0.0,1.0,0.0,0.0,0.0
135,0.0,0.0,0.0,1.0,0.0,0.0,0.0,0.0,0.0,-182.54561191193517,1.0,0.0,0.0,0.0,0.0,0.0,0.0,1.0,0.0,0.0,0.0
136,0.0,0.0,0.0,1.0,0.0,0.0,0.0,0.0,0.0,-184.58605260453533,1.0,0.0,0.0,0.0,0.0,0.0,0.0,1.0,0.0,0.0,0.0
137,0.0,0.0,0.0,1.0,0.0,0.0,0.0,0.0,0.0,-186.6396792354069,1.0,0.0,0.0,0.0,0.0,0.0,0.0,1.0,0.0,0.0,0.0
138,0.0,0.0,0.0,1.0,0.0,0.0,0.0,0.0,0.0,-188.69980766753892,1.0,0.0,0.0,0.0,0.0,0.0,0.0,1.0,0.0,0.0,0.0
139,0.0,0.0,0.0,1.0,0.0,0.0,0.0,0.0,0.0,-190.75982808818296,1.0,0.0,0.0,0.0,0.0,0.0,0.0,1.0,0.0,0.0,0.0
140,0.0,0.0,0.0,1.0,0.0,0.0,0.0,0.0,0.0,-192.813224864761,1.0,0.0,0.0,0.0,0.0,0.0,0.0,1.0,0.0,0.0,0.0
141,0.0,0.0,0.0,1.0,0.0,0.0,0.0,0.0,0.0,-194.8535958209299,1.0,0.0,0.0,0.0,0.0,0.0,0.0,1.0,0.0,0.0,0.0
142,0.0,0.0,0.0,1.0,0.0,0.0,0.0,0.0,0.0,-196.87467088005175,1.0,0.0,0.0,0.0,0.0,0.0,0.0,1.0,0.0,0.0,0.0
143,0.0,0.0,0.0,1.0,0.0,0.0,0.0,0.0,0.0,-198.8703300260696,1.0,0.0,0.0,0.0,0.0,0.0,0.0,1.0,0.0,0.0,0.0
144,0.0,0.0,0.0,1.0,0.0,0.0,0.0,0.0,0.0,-200.83462053465794,1.0,0.0,0.0,0.0,0.0,0.0,0.0,1.0,0.0,0.0,0.0
145,0.0,0.0,0.0,1.0,0.0,0.0,0.0,0.0,0.0,-202.76177343049386,1.0,0.0,0.0,0.0,0.0,0.0,0.0,1.0,0.0,0.0,0.0
146,0.0,0.0,0.0,1.0,0.0,0.0,0.0,0.0,0.0,-204.64621912957128,1.0,0.0,0.0,0.0,0.0,0.0,0.0,1.0,0.0,0.0,0.0
147,0.0,0.0,0.0,1.0,0.0,0.0,0.0,0.0,0.0,-206.48260222864087,1.0,0.0,0.0,0.0,0.0,0.0,0.0,1.0,0.0,0.0,0.0
148,0.0,0.0,0.0,1.0,0.0,0.0,0.0,0.0,0.0,-208.2657954070957,1.0,0.0,0.0,0.0,0.0,0.0,0.0,1.0,0.0,0.0,0.0
149,0.0,0.0,0.0,1.0,0.0,0.0,0.0,0.0,0.0,-209.9909124099222,1.0,0.0,0.0,0.0,0.0,0.0,0.0,1.0,0.0,0.0,0.0
150,0.0,0.0,0.0,1.0,0.0,0.0,0.0,0.0,0.0,-211.65332008368915,1.0,0.0,0.0,0.0,0.0,0.0,0.0,1.0,0.0,0.0,0.0
151,0.0,0.0,0.0,1.0,0.0,0.0,0.0,0.0,0.0,-213.2486494409411,1.0,0.0,0.0,0.0,0.0,0.0,0.0,1.0,0.0,0.0,0.0
152,0.0,0.0,0.0,1.0,0.0,0.0,0.0,0.0,0.0,-214.77280573178578,1.0,0.0,0.0,0.0,0.0,0.0,0.0,1.0,0.0,0.0,0.0
153,0.0,0.0,0.0,1.0,0.0,0.0,0.0,0.0,0.0,-216.22197750490747,1.0,0.0,0.0,0.0,0.0,0.0,0.0,1.0,0.0,0.0,0.0
154,0.0,0.0,0.0,1.0,0.0,0.0,0.0,0.0,0.0,-217.5926446436876,1.0,0.0,0.0,0.0,0.0,0.0,0.0,1.0,0.0,0.0,0.0
155,0.0,0.0,0.0,1.0,0.0,0.0,0.0,0.0,0.0,-218.88158536655922,1.0,0.0,0.0,0.0,0.0,0.0,0.0,1.0,0.0,0.0,0.0
156,0.0,0.0,0.0,1.0,0.0,0.0,0.0,0.0,0.0,-220.0858821841534,1.0,0.0,0.0,0.0,0.0,0.0,0.0,1.0,0.0,0.0,0.0
157,0.0,0.0,0.0,1.0,0.0,0.0,0.0,0.0,0.0,-221.20292680920159,1.0,0.0,0.0,0.0,0.0,0.0,0.0,1.0,0.0,0.0,0.0
158,0.0,0.0,0.0,1.0,0.0,0.0,0.0,0.0,0.0,-222.23042401852828,1.0,0.0,0.0,0.0,0.0,0.0,0.0,1.0,0.0,0.0,0.0
159,0.0,0.0,0.0,1.0,0.0,0.0,0.0,0.0,0.0,-223.16639446979303,1.0,0.0,0.0,0.0,0.0,0.0,0.0,1.0,0.0,0.0,0.0
160,0.0,0.0,0.0,1.0,0.0,0.0,0.0,0.0,0.0,-224.00917647890995,1.0,0.0,0.0,0.0,0.0,0.0,0.0,1.0,0.0,0.0,0.0
161,0.0,0.0,0.0,1.0,0.0,0.0,0.0,0.0,0.0,-224.7574267672766,1.0,0.0,0.0,0.0,0.0,0.0,0.0,1.0,0.0,0.0,0.0
162,0.0,0.0,0.0,1.0,0.0,0.0,0.0,0.0,0.0,-225.41012019107384,1.0,0.0,0.0,0.0,0.0,0.0,0.0,1.0,0.0,0.0,0.0
163,0.0,0.0,0.0,1.0,0.0,0.0,0.0,0.0,0.0,-225.96654846794445,1.0,0.0,0.0,0.0,0.0,0.0,0.0,1.0,0.0,0.0,0.0
164,0.0,0.0,0.0,1.0,0.0,0.0,0.0,0.0,0.0,-226.4263179193126,1.0,0.0,0.0,0.0,0.0,0.0,0.0,1.0,0.0,0.0,0.0
165,0.0,0.0,0.0,1.0,0.0,0.0,0.0,0.0,0.0,-226.78934624946194,1.0,0.0,0.0,0.0,0.0,0.0,0.0,1.0,0.0,0.0,0.0
166,0.0,0.0,0.0,1.0,0.0,0.0,0.0,0.0,0.0,-227.05585838523677,1.0,0.0,0.0,0.0,0.0,0.0,0.0,1.0,0.0,0.0,0.0
167,0.0,0.0,0.0,1.0,0.0,0.0,0.0,0.0,0.0,-227.22638140286435,1.0,0.0,0.0,0.0,0.0,0.0,0.0,1.0,0.0,0.0,0.0
168,0.0,0.0,0.0,1.0,0.0,0.0,0.0,0.0,0.0,-227.3017385709078,1.0,0.0,0.0,0.0,0.0,0.0,0.0,1.0,0.0,0.0,0.0
169,0.0,0.0,0.0,1.0,0.0,0.0,0.0,0.0,0.0,-227.28304254074413,1.0,0.0,0.0,0.0,0.0,0.0,0.0,1.0,0.0,0.0,0.0
170,0.0,0.0,0.0,1.0,0.0,0.0,0.0,0.0,0.0,-227.17168771821252,1.0,0.0,0.0,0.0,0.0,0.0,0.0,1.0,0.0,0.0,0.0
171,0.0,0.0,0.0,1.0,0.0,0.0,0.0,0.0,0.0,-226.9693418521907,1.0,0.0,0.0,0.0,0.0,0.0,0.0,1.0,0.0,0.0,0.0
172,0.0,0.0,0.0,1.0,0.0,0.0,0.0,0.0,0.0,-226.67793687782785,1.0,0.0,0.0,0.0,0.0,0.0,0.0,1.0,0.0,0.0,0.0
173,0.0,0.0,0.0,1.0,0.0,0.0,0.0,0.0,0.0,-226.2996590539841,1.0,0.0,0.0,0.0,0.0,0.0,0.0,1.0,0.0,0.0,0.0
174,0.0,0.0,0.0,1.0,0.0,0.0,0.0,0.0,0.0,-225.83693843609794,1.0,0.0,0.0,0.0,0.0,0.0,0.0,1.0,0.0,0.0,0.0
175,0.0,0.0,0.0,1.0,0.0,0.0,0.0,0.0,0.0,-225.2924377272209,1.0,0.0,0.0,0.0,0.0,0.0,0.0,1.0,0.0,0.0,0.0
176,0.0,0.0,0.0,1.0,0.0,0.0,0.0,0.0,0.0,-224.66904055131855,1.0,0.0,0.0,0.0,0.0,0.0,0.0,1.0,0.0,0.0,0.0
177,0.0,0.0,0.0,1.0,0.0,0.0,0.0,0.0,0.0,-223.9698391941392,1.0,0.0,0.0,0.0,0.0,0.0,0.0,1.0,0.0,0.0,0.0
178,0.0,0.0,0.0,1.0,0.0,0.0,0.0,0.0,0.0,-223.1981218579923,1.0,0.0,0.0,0.0,0.0,0.0,0.0,1.0,0.0,0.0,0.0
179,0.0,0.0,0.0,1.0,0.0,0.0,0.0,0.0,0.0,-222.35735947765897,1.0,0.0,0.0,0.0,0.0,0.0,0.0,1.0,0.0,0.0,0.0
180,0.0,0.0,0.0,1.0,0.0,0.0,0.0,0.0,0.0,-221.45119214537507,1.0,0.0,0.0,0.0,0.0,0.0,0.0,1.0,0.0,0.0,0.0
181,0.0,0.0,0.0,1.0,0.0,0.0,0.0,0.0,0.0,-220.483415193383,1.0,0.0,0.0,0.0,0.0,0.0,0.0,1.0,0.0,0.0,0.0
182,0.0,0.0,0.0,1.0,0.0,0.0,0.0,0.0,0.0,-219.45796498294354,1.0,0.0,0.0,0.0,0.0,0.0,0.0,1.0,0.0,0.0,0.0
183,0.0,0.0,0.0,1.0,0.0,0.0,0.0,0.0,0.0,-218.37890444893367,1.0,0.0,0.0,0.0,0.0,0.0,0.0,1.0,0.0,0.0,0.0
184,0.0,0.0,0.0,1.0,0.0,0.0,0.0,0.0,0.0,-217.2504084492319,1.0,0.0,0.0,0.0,0.0,0.0,0.0,1.0,0.0,0.0,0.0
185,0.0,0.0,0.0,1.0,0.0,0.0,0.0,0.0,0.0,-216.0767489680117,1.0,0.0,0.0,0.0,0.0,0.0,0.0,1.0,0.0,0.0,0.0
186,0.0,0.0,0.0,1.0,0.0,0.0,0.0,0.0,0.0,-214.8622802218287,1.0,0.0,0.0,0.0,0.0,0.0,0.0,1.0,0.0,0.0,0.0
187,0.0,0.0,0.0,1.0,0.0,0.0,0.0,0.0,0.0,-213.61142371700066,1.0,0.0,0.0,0.0,0.0,0.0,0.0,1.0,0.0,0.0,0.0
188,0.0,0.0,0.0,1.0,0.0,0.0,0.0,0.0,0.0,-212.32865330624472,1.0,0.0,0.0,0.0,0.0,0.0,0.0,1.0,0.0,0.0,0.0
189,0.0,0.0,0.0,1.0,0.0,0.0,0.0,0.0,0.0,-211.01848029185803,1.0,0.0,0.0,0.0,0.0,0.0,0.0,1.0,0.0,0.0,0.0
190,0.0,0.0,0.0,1.0,0.0,0.0,0.0,0.0,0.0,-209.68543862190896,1.0,0.0,0.0,0.0,0.0,0.0,0.0,1.0,0.0,0.0,0.0
191,0.0,0.0,0.0,1.0,0.0,0.0,0.0,0.0,0.0,-208.3340702249527,1.0,0.0,0.0,0.0,0.0,0.0,0.0,1.0,0.0,0.0,0.0
192,0.0,0.0,0.0,1.0,0.0,0.0,0.0,0.0,0.0,-206.96891052770013,1.0,0.0,0.0,0.0,0.0,0.0,0.0,1.0,0.0,0.0,0.0
193,0.0,0.0,0.0,1.0,0.0,0.0,0.0,0.0,0.0,-205.59447419885933,1.0,0.0,0.0,0.0,0.0,0.0,0.0,1.0,0.0,0.0,0.0
194,0.0,0.0,0.0,1.0,0.0,0.0,0.0,0.0,0.0,-204.21524116104075,1.0,0.0,0.0,0.0,0.0,0.0,0.0,1.0,0.0,0.0,0.0
195,0.0,0.0,0.0,1.0,0.0,0.0,0.0,0.0,0.0,-202.83564291117312,1.0,0.0,0.0,0.0,0.0,0.0,0.0,1.0,0.0,0.0,0.0
196,0.0,0.0,0.0,1.0,0.0,0.0,0.0,0.0,0.0,-201.46004918832773,1.0,0.0,0.0,0.0,0.0,0.0,0.0,1.0,0.0,0.0,0.0
197,0.0,0.0,0.0,1.0,0.0,0.0,0.0,0.0,0.0,-200.0927550261972,1.0,0.0,0.0,0.0,0.0,0.0,0.0,1.0,0.0,0.0,0.0
198,0.0,0.0,0.0,1.0,0.0,0.0,0.0,0.0,0.0,-198.73796822572936,1.0,0.0,0.0,0.0,0.0,0.0,0.0,1.0,0.0,0.0,0.0
199,0.0,0.0,0.0,1.0,0.0,0.0,0.0,0.0,0.0,-197.39979728158298,1.0,0.0,0.0,0.0,0.0,0.0,0.0,1.0,0.0,0.0,0.0
200,0.0,0.0,0.0,1.0,0.0,0.0,0.0,0.0,0.0,-196.0822397941595,1.0,0.0,0.0,0.0,0.0,0.0,0.0,1.0,0.0,0.0,0.0
201,0.0,0.0,0.0,1.0,0.0,0.0,0.0,0.0,0.0,-194.78917139697677,1.0,0.0,0.0,0.0,0.0,0.0,0.0,1.0,0.0,0.0,0.0
202,0.0,0.0,0.0,1.0,0.0,0.0,0.0,0.0,0.0,-193.52433522709853,1.0,0.0,0.0,0.0,0.0,0.0,0.0,1.0,0.0,0.0,0.0
203,0.0,0.0,0.0,1.0,0.0,0.0,0.0,0.0,0.0,-192.29133196422214,1.0,0.0,0.0,0.0,0.0,0.0,0.0,1.0,0.0,0.0,0.0
204,0.0,0.0,0.0,1.0,0.0,0.0,0.0,0.0,0.0,-191.09361046186353,1.0,0.0,0.0,0.0,0.0,0.0,0.0,1.0,0.0,0.0,0.0
205,0.0,0.0,0.0,1.0,0.0,0.0,0.0,0.0,0.0,-189.93445899187327,1.0,0.0,0.0,0.0,0.0,0.0,0.0,1.0,0.0,0.0,0.0
206,0.0,0.0,0.0,1.0,0.0,0.0,0.0,0.0,0.0,-188.81699712127588,1.0,0.0,0.0,0.0,0.0,0.0,0.0,1.0,0.0,0.0,0.0
207,0.0,0.0,0.0,1.0,0.0,0.0,0.0,0.0,0.0,-187.744168238154,1.0,0.0,0.0,0.0,0.0,0.0,0.0,1.0,0.0,0.0,0.0
208,0.0,0.0,0.0,1.0,0.0,0.0,0.0,0.0,0.0,-186.7187327410082,1.0,0.0,0.0,0.0,0.0,0.0,0.0,1.0,0.0,0.0,0.0
209,0.0,0.0,0.0,1.0,0.0,0.0,0.0,0.0,0.0,-185.74326190371974,1.0,0.0,0.0,0.0,0.0,0.0,0.0,1.0,0.0,0.0,0.0
210,0.0,0.0,0.0,1.0,0.0,0.0,0.0,0.0,0.0,-184.82013242593408,1.0,0.0,0.0,0.0,0.0,0.0,0.0,1.0,0.0,0.0,0.0
211,0.0,0.0,0.0,1.0,0.0,0.0,0.0,0.0,0.0,-183.9515216763751,1.0,0.0,0.0,0.0,0.0,0.0,0.0,1.0,0.0,0.0,0.0
212,0.0,0.0,0.0,1.0,0.0,0.0,0.0,0.0,0.0,-183.13940363430035,1.0,0.0,0.0,0.0,0.0,0.0,0.0,1.0,0.0,0.0,0.0
213,0.0,0.0,0.0,1.0,0.0,0.0,0.0,0.0,0.0,-182.3855455320263,1.0,0.0,0.0,0.0,0.0,0.0,0.0,1.0,0.0,0.0,0.0
214,0.0,0.0,0.0,1.0,0.0,0.0,0.0,0.0,0.0,-181.6915051991925,1.0,0.0,0.0,0.0,0.0,0.0,0.0,1.0,0.0,0.0,0.0
215,0.0,0.0,0.0,1.0,0.0,0.0,0.0,0.0,0.0,-181.05862910720376,1.0,0.0,0.0,0.0,0.0,0.0,0.0,1.0,0.0,0.0,0.0
216,0.0,0.0,0.0,1.0,0.0,0.0,0.0,0.0,0.0,-180.48805111009642,1.0,0.0,0.0,0.0,0.0,0.0,0.0,1.0,0.0,0.0,0.0
217,0.0,0.0,0.0,1.0,0.0,0.0,0.0,0.0,0.0,-179.98069187592583,1.0,0.0,0.0,0.0,0.0,0.0,0.0,1.0,0.0,0.0,0.0
218,0.0,0.0,0.0,1.0,0.0,0.0,0.0,0.0,0.0,-179.53725900067016,1.0,0.0,0.0,0.0,0.0,0.0,0.0,1.0,0.0,0.0,0.0
219,0.0,0.0,0.0,1.0,0.0,0.0,0.0,0.0,0.0,-179.15824779460095,1.0,0.0,0.0,0.0,0.0,0.0,0.0,1.0,0.0,0.0,0.0
220,0.0,0.0,0.0,1.0,0.0,0.0,0.0,0.0,0.0,-178.8439427290853,1.0,0.0,0.0,0.0,0.0,0.0,0.0,1.0,0.0,0.0,0.0
221,0.0,0.0,0.0,1.0,0.0,0.0,0.0,0.0,0.0,-178.59441952986697,1.0,0.0,0.0,0.0,0.0,0.0,0.0,1.0,0.0,0.0,0.0
222,0.0,0.0,0.0,1.0,0.0,0.0,0.0,0.0,0.0,-178.40954790102552,1.0,0.0,0.0,0.0,0.0,0.0,0.0,1.0,0.0,0.0,0.0
223,0.0,0.0,0.0,1.0,0.0,0.0,0.0,0.0,0.0,-178.28899486204295,1.0,0.0,0.0,0.0,0.0,0.0,0.0,1.0,0.0,0.0,0.0
224,0.0,0.0,0.0,1.0,0.0,0.0,0.0,0.0,0.0,-178.23222867871556,1.0,0.0,0.0,0.0,0.0,0.0,0.0,1.0,0.0,0.0,0.0
225,0.0,0.0,0.0,1.0,0.0,0.0,0.0,0.0,0.0,-178.23852336704476,1.0,0.0,0.0,0.0,0.0,0.0,0.0,1.0,0.0,0.0,0.0
226,0.0,0.0,0.0,1.0,0.0,0.0,0.0,0.0,0.0,-178.30696374772367,1.0,0.0,0.0,0.0,0.0,0.0,0.0,1.0,0.0,0.0,0.0
227,0.0,0.0,0.0,1.0,0.0,0.0,0.0,0.0,0.0,-178.43645102741198,1.0,0.0,0.0,0.0,0.0,0.0,0.0,1.0,0.0,0.0,0.0
228,0.0,0.0,0.0,1.0,0.0,0.0,0.0,0.0,0.0,-178.6257088816634,1.0,0.0,0.0,0.0,0.0,0.0,0.0,1.0,0.0,0.0,0.0
229,0.0,0.0,0.0,1.0,0.0,0.0,0.0,0.0,0.0,-178.87329001313947,1.0,0.0,0.0,0.0,0.0,0.0,0.0,1.0,0.0,0.0,0.0
230,0.0,0.0,0.0,1.0,0.0,0.0,0.0,0.0,0.0,-179.17758315761432,1.0,0.0,0.0,0.0,0.0,0.0,0.0,1.0,0.0,0.0,0.0
231,0.0,0.0,0.0,1.0,0.0,0.0,0.0,0.0,0.0,-179.5368205092489,1.0,0.0,0.0,0.0,0.0,0.0,0.0,1.0,0.0,0.0,0.0
232,0.0,0.0,0.0,1.0,0.0,0.0,0.0,0.0,0.0,-179.94908553569115,1.0,0.0,0.0,0.0,0.0,0.0,0.0,1.0,0.0,0.0,0.0
233,0.0,0.0,0.0,1.0,0.0,0.0,0.0,0.0,0.0,-180.41232115274389,1.0,0.0,0.0,0.0,0.0,0.0,0.0,1.0,0.0,0.0,0.0
234,0.0,0.0,0.0,1.0,0.0,0.0,0.0,0.0,0.0,-180.92433822763385,1.0,0.0,0.0,0.0,0.0,0.0,0.0,1.0,0.0,0.0,0.0
235,0.0,0.0,0.0,1.0,0.0,0.0,0.0,0.0,0.0,-181.48282437931547,1.0,0.0,0.0,0.0,0.0,0.0,0.0,1.0,0.0,0.0,0.0
236,0.0,0.0,0.0,1.0,0.0,0.0,0.0,0.0,0.0,-182.0853530437516,1.0,0.0,0.0,0.0,0.0,0.0,0.0,1.0,0.0,0.0,0.0
237,0.0,0.0,0.0,1.0,0.0,0.0,0.0,0.0,0.0,-182.72939277172992,1.0,0.0,0.0,0.0,0.0,0.0,0.0,1.0,0.0,0.0,0.0
238,0.0,0.0,0.0,1.0,0.0,0.0,0.0,0.0,0.0,-183.41231672649863,1.0,0.0,0.0,0.0,0.0,0.0,0.0,1.0,0.0,0.0,0.0
239,0.0,0.0,0.0,1.0,0.0,0.0,0.0,0.0,0.0,-184.13141234833796,1.0,0.0,0.0,0.0,0.0,0.0,0.0,1.0,0.0,0.0,0.0
240,0.0,0.0,0.0,1.0,0.0,0.0,0.0,0.0,0.0,-184.88389115312174,1.0,0.0,0.0,0.0,0.0,0.0,0.0,1.0,0.0,0.0,0.0
241,0.0,0.0,0.0,1.0,0.0,0.0,0.0,0.0,0.0,-185.66689863196828,1.0,0.0,0.0,0.0,0.0,0.0,0.0,1.0,0.0,0.0,0.0
242,0.0,0.0,0.0,1.0,0.0,0.0,0.0,0.0,0.0,-186.4775242192259,1.0,0.0,0.0,0.0,0.0,0.0,0.0,1.0,0.0,0.0,0.0
243,0.0,0.0,0.0,1.0,0.0,0.0,0.0,0.0,0.0,-187.31281129628803,1.0,0.0,0.0,0.0,0.0,0.0,0.0,1.0,0.0,0.0,0.0
244,0.0,0.0,0.0,1.0,0.0,0.0,0.0,0.0,0.0,-188.16976719908098,1.0,0.0,0.0,0.0,0.0,0.0,0.0,1.0,0.0,0.0,0.0
245,0.0,0.0,0.0,1.0,0.0,0.0,0.0,0.0,0.0,-189.04537319751182,1.0,0.0,0.0,0.0,0.0,0.0,0.0,1.0,0.0,0.0,0.0
246,0.0,0.0,0.0,1.0,0.0,0.0,0.0,0.0,0.0,-189.93659441570324,1.0,0.0,0.0,0.0,0.0,0.0,0.0,1.0,0.0,0.0,0.0
247,0.0,0.0,0.0,1.0,0.0,0.0,0.0,0.0,0.0,-190.84038966247164,1.0,0.0,0.0,0.0,0.0,0.0,0.0,1.0,0.0,0.0,0.0
248,0.0,0.0,0.0,1.0,0.0,0.0,0.0,0.0,0.0,-191.7537211422231,1.0,0.0,0.0,0.0,0.0,0.0,0.0,1.0,0.0,0.0,0.0
249,0.0,0.0,0.0,1.0,0.0,0.0,0.0,0.0,0.0,-192.67356401724294,1.0,0.0,0.0,0.0,0.0,0.0,0.0,1.0,0.0,0.0,0.0
250,0.0,0.0,0.0,1.0,0.0,0.0,0.0,0.0,0.0,-193.59691579323663,1.0,0.0,0.0,0.0,0.0,0.0,0.0,1.0,0.0,0.0,0.0
251,0.0,0.0,0.0,1.0,0.0,0.0,0.0,0.0,0.0,-194.52080550093922,1.0,0.0,0.0,0.0,0.0,0.0,0.0,1.0,0.0,0.0,0.0
252,0.0,0.0,0.0,1.0,0.0,0.0,0.0,0.0,0.0,-195.442302647641,1.0,0.0,0.0,0.0,0.0,0.0,0.0,1.0,0.0,0.0,0.0
253,0.0,0.0,0.0,1.0,0.0,0.0,0.0,0.0,0.0,-196.3585259135766,1.0,0.0,0.0,0.0,0.0,0.0,0.0,1.0,0.0,0.0,0.0
254,0.0,0.0,0.0,1.0,0.0,0.0,0.0,0.0,0.0,-197.26665156928726,1.0,0.0,0.0,0.0,0.0,0.0,0.0,1.0,0.0,0.0,0.0
255,0.0,0.0,0.0,1.0,0.0,0.0,0.0,0.0,0.0,-198.16392159128762,1.0,0.0,0.0,0.0,0.0,0.0,0.0,1.0,0.0,0.0,0.0
256,0.0,0.0,0.0,1.0,0.0,0.0,0.0,0.0,0.0,-199.04765145464617,1.0,0.0,0.0,0.0,0.0,0.0,0.0,1.0,0.0,0.0,0.0
257,0.0,0.0,0.0,1.0,0.0,0.0,0.0,0.0,0.0,-199.91523758241237,1.0,0.0,0.0,0.0,0.0,0.0,0.0,1.0,0.0,0.0,0.0
258,0.0,0.0,0.0,1.0,0.0,0.0,0.0,0.0,0.0,-200.76416443319488,1.0,0.0,0.0,0.0,0.0,0.0,0.0,1.0,0.0,0.0,0.0
259,0.0,0.0,0.0,1.0,0.0,0.0,0.0,0.0,0.0,-201.59201120960566,1.0,0.0,0.0,0.0,0.0,0.0,0.0,1.0,0.0,0.0,0.0
260,0.0,0.0,0.0,1.0,0.0,0.0,0.0,0.0,0.0,-202.39645817172953,1.0,0.0,0.0,0.0,0.0,0.0,0.0,1.0,0.0,0.0,0.0
261,0.0,0.0,0.0,1.0,0.0,0.0,0.0,0.0,0.0,-203.1752925412527,1.0,0.0,0.0,0.0,0.0,0.0,0.0,1.0,0.0,0.0,0.0
262,0.0,0.0,0.0,1.0,0.0,0.0,0.0,0.0,0.0,-203.926413983383,1.0,0.0,0.0,0.0,0.0,0.0,0.0,1.0,0.0,0.0,0.0
263,0.0,0.0,0.0,1.0,0.0,0.0,0.0,0.0,0.0,-204.64783965521326,1.0,0.0,0.0,0.0,0.0,0.0,0.0,1.0,0.0,0.0,0.0
264,0.0,0.0,0.0,1.0,0.0,0.0,0.0,0.0,0.0,-205.33770881071186,1.0,0.0,0.0,0.0,0.0,0.0,0.0,1.0,0.0,0.0,0.0
265,0.0,0.0,0.0,1.0,0.0,0.0,0.0,0.0,0.0,-205.99428695406598,1.0,0.0,0.0,0.0,0.0,0.0,0.0,1.0,0.0,0.0,0.0
266,0.0,0.0,0.0,1.0,0.0,0.0,0.0,0.0,0.0,-206.61596953465028,1.0,0.0,0.0,0.0,0.0,0.0,0.0,1.0,0.0,0.0,0.0
267,0.0,0.0,0.0,1.0,0.0,0.0,0.0,0.0,0.0,-207.20128517843844,1.0,0.0,0.0,0.0,0.0,0.0,0.0,1.0,0.0,0.0,0.0
268,0.0,0.0,0.0,1.0,0.0,0.0,0.0,0.0,0.0,-207.74889845221608,1.0,0.0,0.0,0.0,0.0,0.0,0.0,1.0,0.0,0.0,0.0
269,0.0,0.0,0.0,1.0,0.0,0.0,0.0,0.0,0.0,-208.25761215848266,1.0,0.0,0.0,0.0,0.0,0.0,0.0,1.0,0.0,0.0,0.0
270,0.0,0.0,0.0,1.0,0.0,0.0,0.0,0.0,0.0,-208.72636916044453,1.0,0.0,0.0,0.0,0.0,0.0,0.0,1.0,0.0,0.0,0.0
271,0.0,0.0,0.0,1.0,0.0,0.0,0.0,0.0,0.0,-209.15425373799718,1.0,0.0,0.0,0.0,0.0,0.0,0.0,1.0,0.0,0.0,0.0
272,0.0,0.0,0.0,1.0,0.0,0.0,0.0,0.0,0.0,-209.540492477065,1.0,0.0,0.0,0.0,0.0,0.0,0.0,1.0,0.0,0.0,0.0
273,0.0,0.0,0.0,1.0,0.0,0.0,0.0,0.0,0.0,-209.88445469611014,1.0,0.0,0.0,0.0,0.0,0.0,0.0,1.0,0.0,0.0,0.0
274,0.0,0.0,0.0,1.0,0.0,0.0,0.0,0.0,0.0,-210.18565241503165,1.0,0.0,0.0,0.0,0.0,0.0,0.0,1.0,0.0,0.0,0.0
275,0.0,0.0,0.0,1.0,0.0,0.0,0.0,0.0,0.0,-210.44373987304976,1.0,0.0,0.0,0.0,0.0,0.0,0.0,1.0,0.0,0.0,0.0
276,0.0,0.0,0.0,1.0,0.0,0.0,0.0,0.0,0.0,-210.65851260350408,1.0,0.0,0.0,0.0,0.0,0.0,0.0,1.0,0.0,0.0,0.0
277,0.0,0.0,0.0,1.0,0.0,0.0,0.0,0.0,0.0,-210.8299060747826,1.0,0.0,0.0,0.0,0.0,0.0,0.0,1.0,0.0,0.0,0.0
278,0.0,0.0,0.0,1.0,0.0,0.0,0.0,0.0,0.0,-210.95799390784094,1.0,0.0,0.0,0.0,0.0,0.0,0.0,1.0,0.0,0.0,0.0
279,0.0,0.0,0.0,1.0,0.0,0.0,0.0,0.0,0.0,-211.04298568196202,1.0,0.0,0.0,0.0,0.0,0.0,0.0,1.0,0.0,0.0,0.0
280,0.0,0.0,0.0,1.0,0.0,0.0,0.0,0.0,0.0,-211.08522434154358,1.0,0.0,0.0,0.0,0.0,0.0,0.0,1.0,0.0,0.0,0.0
281,0.0,0.0,0.0,1.0,0.0,0.0,0.0,0.0,0.0,-211.0851832177817,1.0,0.0,0.0,0.0,0.0,0.0,0.0,1.0,0.0,0.0,0.0
282,0.0,0.0,0.0,1.0,0.0,0.0,0.0,0.0,0.0,-211.04346268013998,1.0,0.0,0.0,0.0,0.0,0.0,0.0,1.0,0.0,0.0,0.0
283,0.0,0.0,0.0,1.0,0.0,0.0,0.0,0.0,0.0,-210.96078643345382,1.0,0.0,0.0,0.0,0.0,0.0,0.0,1.0,0.0,0.0,0.0
284,0.0,0.0,0.0,1.0,0.0,0.0,0.0,0.0,0.0,-210.83799747741497,1.0,0.0,0.0,0.0,0.0,0.0,0.0,1.0,0.0,0.0,0.0
285,0.0,0.0,0.0,1.0,0.0,0.0,0.0,0.0,0.0,-210.6760537460128,1.0,0.0,0.0,0.0,0.0,0.0,0.0,1.0,0.0,0.0,0.0
286,0.0,0.0,0.0,1.0,0.0,0.0,0.0,0.0,0.0,-210.4760234452705,1.0,0.0,0.0,0.0,0.0,0.0,0.0,1.0,0.0,0.0,0.0
287,0.0,0.0,0.0,1.0,0.0,0.0,0.0,0.0,0.0,-210.2390801083099,1.0,0.0,0.0,0.0,0.0,0.0,0.0,1.0,0.0,0.0,0.0
288,0.0,0.0,0.0,1.0,0.0,0.0,0.0,0.0,0.0,-209.9664973874012,1.0,0.0,0.0,0.0,0.0,0.0,0.0,1.0,0.0,0.0,0.0
289,0.0,0.0,0.0,1.0,0.0,0.0,0.0,0.0,0.0,-209.65964360320828,1.0,0.0,0.0,0.0,0.0,0.0,0.0,1.0,0.0,0.0,0.0
290,0.0,0.0,0.0,1.0,0.0,0.0,0.0,0.0,0.0,-209.31997607192054,1.0,0.0,0.0,0.0,0.0,0.0,0.0,1.0,0.0,0.0,0.0
291,0.0,0.0,0.0,1.0,0.0,0.0,0.0,0.0,0.0,-208.94903523137174,1.0,0.0,0.0,0.0,0.0,0.0,0.0,1.0,0.0,0.0,0.0
292,0.0,0.0,0.0,1.0,0.0,0.0,0.0,0.0,0.0,-208.5484385875822,1.0,0.0,0.0,0.0,0.0,0.0,0.0,1.0,0.0,0.0,0.0
293,0.0,0.0,0.0,1.0,0.0,0.0,0.0,0.0,0.0,-208.1198745034249,1.0,0.0,0.0,0.0,0.0,0.0,0.0,1.0,0.0,0.0,0.0
294,0.0,0.0,0.0,1.0,0.0,0.0,0.0,0.0,0.0,-207.66509585130723,1.0,0.0,0.0,0.0,0.0,0.0,0.0,1.0,0.0,0.0,0.0
295,0.0,0.0,0.0,1.0,0.0,0.0,0.0,0.0,0.0,-207.1859135518796,1.0,0.0,0.0,0.0,0.0,0.0,0.0,1.0,0.0,0.0,0.0
296,0.0,0.0,0.0,1.0,0.0,0.0,0.0,0.0,0.0,-206.6841900208301,1.0,0.0,0.0,0.0,0.0,0.0,0.0,1.0,0.0,0.0,0.0
297,0.0,0.0,0.0,1.0,0.0,0.0,0.0,0.0,0.0,-206.16183254580216,1.0,0.0,0.0,0.0,0.0,0.0,0.0,1.0,0.0,0.0,0.0
298,0.0,0.0,0.0,1.0,0.0,0.0,0.0,0.0,0.0,-205.62078661538027,1.0,0.0,0.0,0.0,0.0,0.0,0.0,1.0,0.0,0.0,0.0
299,0.0,0.0,0.0,1.0,0.0,0.0,0.0,0.0,0.0,-205.063029221929,1.0,0.0,0.0,0.0,0.0,0.0,0.0,1.0,0.0,0.0,0.0
300,0.0,0.0,0.0,1.0,0.0,0.0,0.0,0.0,0.0,-204.49056215984385,1.0,0.0,0.0,0.0,0.0,0.0,0.0,1.0,0.0,0.0,0.0
301,0.0,0.0,0.0,1.0,0.0,0.0,0.0,0.0,0.0,-203.90540534048088,1.0,0.0,0.0,0.0,0.0,0.0,0.0,1.0,0.0,0.0,0.0
302,0.0,0.0,0.0,1.0,0.0,0.0,0.0,0.0,0.0,-203.30959014467797,1.0,0.0,0.0,0.0,0.0,0.0,0.0,1.0,0.0,0.0,0.0
303,0.0,0.0,0.0,1.0,0.0,0.0,0.0,0.0,0.0,-202.70515283336374,1.0,0.0,0.0,0.0,0.0,0.0,0.0,1.0,0.0,0.0,0.0
304,0.0,0.0,0.0,1.0,0.0,0.0,0.0,0.0,0.0,-202.0941280362762,1.0,0.0,0.0,0.0,0.0,0.0,0.0,1.0,0.0,0.0,0.0
305,0.0,0.0,0.0,1.0,0.0,0.0,0.0,0.0,0.0,-201.47854233828141,1.0,0.0,0.0,0.0,0.0,0.0,0.0,1.0,0.0,0.0,0.0
306,0.0,0.0,0.0,1.0,0.0,0.0,0.0,0.0,0.0,-200.86040798219747,1.0,0.0,0.0,0.0,0.0,0.0,0.0,1.0,0.0,0.0,0.0
307,0.0,0.0,0.0,1.0,0.0,0.0,0.0,0.0,0.0,-200.2417167063915,1.0,0.0,0.0,0.0,0.0,0.0,0.0,1.0,0.0,0.0,0.0
308,0.0,0.0,0.0,1.0,0.0,0.0,0.0,0.0,0.0,-199.62443373473195,1.0,0.0,0.0,0.0,0.0,0.0,0.0,1.0,0.0,0.0,0.0
309,0.0,0.0,0.0,1.0,0.0,0.0,0.0,0.0,0.0,-199.01049193574707,1.0,0.0,0.0,0.0,0.0,0.0,0.0,1.0,0.0,0.0,0.0
310,0.0,0.0,0.0,1.0,0.0,0.0,0.0,0.0,0.0,-198.40178616706544,1.0,0.0,0.0,0.0,0.0,0.0,0.0,1.0,0.0,0.0,0.0
311,0.0,0.0,0.0,1.0,0.0,0.0,0.0,0.0,0.0,-197.80016782040067,1.0,0.0,0.0,0.0,0.0,0.0,0.0,1.0,0.0,0.0,0.0
312,0.0,0.0,0.0,1.0,0.0,0.0,0.0,0.0,0.0,-197.20743958149046,1.0,0.0,0.0,0.0,0.0,0.0,0.0,1.0,0.0,0.0,0.0
313,0.0,0.0,0.0,1.0,0.0,0.0,0.0,0.0,0.0,-196.62535041851612,1.0,0.0,0.0,0.0,0.0,0.0,0.0,1.0,0.0,0.0,0.0
314,0.0,0.0,0.0,1.0,0.0,0.0,0.0,0.0,0.0,-196.05559081161414,1.0,0.0,0.0,0.0,0.0,0.0,0.0,1.0,0.0,0.0,0.0
315,0.0,0.0,0.0,1.0,0.0,0.0,0.0,0.0,0.0,-195.49978823514854,1.0,0.0,0.0,0.0,0.0,0.0,0.0,1.0,0.0,0.0,0.0
316,0.0,0.0,0.0,1.0,0.0,0.0,0.0,0.0,0.0,-194.95950290344848,1.0,0.0,0.0,0.0,0.0,0.0,0.0,1.0,0.0,0.0,0.0
317,0.0,0.0,0.0,1.0,0.0,0.0,0.0,0.0,0.0,-194.43622378972944,1.0,0.0,0.0,0.0,0.0,0.0,0.0,1.0,0.0,0.0,0.0
318,0.0,0.0,0.0,1.0,0.0,0.0,0.0,0.0,0.0,-193.9313649269147,1.0,0.0,0.0,0.0,0.0,0.0,0.0,1.0,0.0,0.0,0.0
319,0.0,0.0,0.0,1.0,0.0,0.0,0.0,0.0,0.0,-193.44626199805762,1.0,0.0,0.0,0.0,0.0,0.0,0.0,1.0,0.0,0.0,0.0
320,0.0,0.0,0.0,1.0,0.0,0.0,0.0,0.0,0.0,-192.9821692230399,1.0,0.0,0.0,0.0,0.0,0.0,0.0,1.0,0.0,0.0,0.0
321,0.0,0.0,0.0,1.0,0.0,0.0,0.0,0.0,0.0,-192.54025654718933,1.0,0.0,0.0,0.0,0.0,0.0,0.0,1.0,0.0,0.0,0.0
322,0.0,0.0,0.0,1.0,0.0,0.0,0.0,0.0,0.0,-192.12160713642461,1.0,0.0,0.0,0.0,0.0,0.0,0.0,1.0,0.0,0.0,0.0
323,0.0,0.0,0.0,1.0,0.0,0.0,0.0,0.0,0.0,-191.7272151825004,1.0,0.0,0.0,0.0,0.0,0.0,0.0,1.0,0.0,0.0,0.0
324,0.0,0.0,0.0,1.0,0.0,0.0,0.0,0.0,0.0,-191.35798402089299,1.0,0.0,0.0,0.0,0.0,0.0,0.0,1.0,0.0,0.0,0.0
325,0.0,0.0,0.0,1.0,0.0,0.0,0.0,0.0,0.0,-191.01472456284287,1.0,0.0,0.0,0.0,0.0,0.0,0.0,1.0,0.0,0.0,0.0
326,0.0,0.0,0.0,1.0,0.0,0.0,0.0,0.0,0.0,-190.69815404205457,1.0,0.0,0.0,0.0,0.0,0.0,0.0,1.0,0.0,0.0,0.0
327,0.0,0.0,0.0,1.0,0.0,0.0,0.0,0.0,0.0,-190.40889507555147,1.0,0.0,0.0,0.0,0.0,0.0,0.0,1.0,0.0,0.0,0.0
328,0.0,0.0,0.0,1.0,0.0,0.0,0.0,0.0,0.0,-190.1474750371967,1.0,0.0,0.0,0.0,0.0,0.0,0.0,1.0,0.0,0.0,0.0
329,0.0,0.0,0.0,1.0,0.0,0.0,0.0,0.0,0.0,-189.91432574142334,1.0,0.0,0.0,0.0,0.0,0.0,0.0,1.0,0.0,0.0,0.0
330,0.0,0.0,0.0,1.0,0.0,0.0,0.0,0.0,0.0,-189.70978343377047,1.0,0.0,0.0,0.0,0.0,0.0,0.0,1.0,0.0,0.0,0.0
331,0.0,0.0,0.0,1.0,0.0,0.0,0.0,0.0,0.0,-189.53408908389915,1.0,0.0,0.0,0.0,0.0,0.0,0.0,1.0,0.0,0.0,0.0
332,0.0,0.0,0.0,1.0,0.0,0.0,0.0,0.0,0.0,-189.38738897586737,1.0,0.0,0.0,0.0,0.0,0.0,0.0,1.0,0.0,0.0,0.0
333,0.0,0.0,0.0,1.0,0.0,0.0,0.0,0.0,0.0,-189.26973558957621,1.0,0.0,0.0,0.0,0.0,0.0,0.0,1.0,0.0,0.0,0.0
334,0.0,0.0,0.0,1.0,0.0,0.0,0.0,0.0,0.0,-189.18108876646488,1.0,0.0,0.0,0.0,0.0,0.0,0.0,1.0,0.0,0.0,0.0
335,0.0,0.0,0.0,1.0,0.0,0.0,0.0,0.0,0.0,-189.12131715173157,1.0,0.0,0.0,0.0,0.0,0.0,0.0,1.0,0.0,0.0,0.0
336,0.0,0.0,0.0,1.0,0.0,0.0,0.0,0.0,0.0,-189.0901999045915,1.0,0.0,0.0,0.0,0.0,0.0,0.0,1.0,0.0,0.0,0.0
337,0.0,0.0,0.0,1.0,0.0,0.0,0.0,0.0,0.0,-189.0874286673562,1.0,0.0,0.0,0.0,0.0,0.0,0.0,1.0,0.0,0.0,0.0
338,0.0,0.0,0.0,1.0,0.0,0.0,0.0,0.0,0.0,-189.1126097834303,1.0,0.0,0.0,0.0,0.0,0.0,0.0,1.0,0.0,0.0,0.0
339,0.0,0.0,0.0,1.0,0.0,0.0,0.0,0.0,0.0,-189.16526675367484,1.0,0.0,0.0,0.0,0.0,0.0,0.0,1.0,0.0,0.0,0.0
340,0.0,0.0,0.0,1.0,0.0,0.0,0.0,0.0,0.0,-189.24484291998215,1.0,0.0,0.0,0.0,0.0,0.0,0.0,1.0,0.0,0.0,0.0
341,0.0,0.0,0.0,1.0,0.0,0.0,0.0,0.0,0.0,-189.35070436434663,1.0,0.0,0.0,0.0,0.0,0.0,0.0,1.0,0.0,0.0,0.0
342,0.0,0.0,0.0,1.0,0.0,0.0,0.0,0.0,0.0,-189.48214301120052,1.0,0.0,0.0,0.0,0.0,0.0,0.0,1.0,0.0,0.0,0.0
343,0.0,0.0,0.0,1.0,0.0,0.0,0.0,0.0,0.0,-189.63837992031424,1.0,0.0,0.0,0.0,0.0,0.0,0.0,1.0,0.0,0.0,0.0
344,0.0,0.0,0.0,1.0,0.0,0.0,0.0,0.0,0.0,-189.8185687571383,1.0,0.0,0.0,0.0,0.0,0.0,0.0,1.0,0.0,0.0,0.0
345,0.0,0.0,0.0,1.0,0.0,0.0,0.0,0.0,0.0,-190.02179942708895,1.0,0.0,0.0,0.0,0.0,0.0,0.0,1.0,0.0,0.0,0.0
346,0.0,0.0,0.0,1.0,0.0,0.0,0.0,0.0,0.0,-190.24710185995198,1.0,0.0,0.0,0.0,0.0,0.0,0.0,1.0,0.0,0.0,0.0
347,0.0,0.0,0.0,1.0,0.0,0.0,0.0,0.0,0.0,-190.49344993030175,1.0,0.0,0.0,0.0,0.0,0.0,0.0,1.0,0.0,0.0,0.0
348,0.0,0.0,0.0,1.0,0.0,0.0,0.0,0.0,0.0,-190.75976549960092,1.0,0.0,0.0,0.0,0.0,0.0,0.0,1.0,0.0,0.0,0.0
349,0.0,0.0,0.0,1.0,0.0,0.0,0.0,0.0,0.0,-191.04492256546618,1.0,0.0,0.0,0.0,0.0,0.0,0.0,1.0,0.0,0.0,0.0
350,0.0,0.0,0.0,1.0,0.0,0.0,0.0,0.0,0.0,-191.34775150345146,1.0,0.0,0.0,0.0,0.0,0.0,0.0,1.0,0.0,0.0,0.0
351,0.0,0.0,0.0,1.0,0.0,0.0,0.0,0.0,0.0,-191.66704338661577,1.0,0.0,0.0,0.0,0.0,0.0,0.0,1.0,0.0,0.0,0.0
352,0.0,0.0,0.0,1.0,0.0,0.0,0.0,0.0,0.0,-192.0015543681059,1.0,0.0,0.0,0.0,0.0,0.0,0.0,1.0,0.0,0.0,0.0
353,0.0,0.0,0.0,1.0,0.0,0.0,0.0,0.0,0.0,-192.35001011199427,1.0,0.0,0.0,0.0,0.0,0.0,0.0,1.0,0.0,0.0,0.0
354,0.0,0.0,0.0,1.0,0.0,0.0,0.0,0.0,0.0,-192.71111025766956,1.0,0.0,0.0,0.0,0.0,0.0,0.0,1.0,0.0,0.0,0.0
355,0.0,0.0,0.0,1.0,0.0,0.0,0.0,0.0,0.0,-193.08353290317962,1.0,0.0,0.0,0.0,0.0,0.0,0.0,1.0,0.0,0.0,0.0
356,0.0,0.0,0.0,1.0,0.0,0.0,0.0,0.0,0.0,-193.46593909307427,1.0,0.0,0.0,0.0,0.0,0.0,0.0,1.0,0.0,0.0,0.0
357,0.0,0.0,0.0,1.0,0.0,0.0,0.0,0.0,0.0,-193.8569772964862,1.0,0.0,0.0,0.0,0.0,0.0,0.0,1.0,0.0,0.0,0.0
358,0.0,0.0,0.0,1.0,0.0,0.0,0.0,0.0,0.0,-194.2552878614212,1.0,0.0,0.0,0.0,0.0,0.0,0.0,1.0,0.0,0.0,0.0
359,0.0,0.0,0.0,1.0,0.0,0.0,0.0,0.0,0.0,-194.65950743150378,1.0,0.0,0.0,0.0,0.0,0.0,0.0,1.0,0.0,0.0,0.0
360,0.0,0.0,0.0,1.0,0.0,0.0,0.0,0.0,0.0,-195.06827331173858,1.0,0.0,0.0,0.0,0.0,0.0,0.0,1.0,0.0,0.0,0.0
361,0.0,0.0,0.0,1.0,0.0,0.0,0.0,0.0,0.0,-195.4802277701992,1.0,0.0,0.0,0.0,0.0,0.0,0.0,1.0,0.0,0.0,0.0
362,0.0,0.0,0.0,1.0,0.0,0.0,0.0,0.0,0.0,-195.89402226294536,1.0,0.0,0.0,0.0,0.0,0.0,0.0,1.0,0.0,0.0,0.0
363,0.0,0.0,0.0,1.0,0.0,0.0,0.0,0.0,0.0,-196.30832156989186,1.0,0.0,0.0,0.0,0.0,0.0,0.0,1.0,0.0,0.0,0.0
364,0.0,0.0,0.0,1.0,0.0,0.0,0.0,0.0,0.0,-196.7218078298097,1.0,0.0,0.0,0.0,0.0,0.0,0.0,1.0,0.0,0.0,0.0
365,0.0,0.0,0.0,1.0,0.0,0.0,0.0,0.0,0.0,-197.1331844631256,1.0,0.0,0.0,0.0,0.0,0.0,0.0,1.0,0.0,0.0,0.0
366,0.0,0.0,0.0,1.0,0.0,0.0,0.0,0.0,0.0,-197.5411799717024,1.0,0.0,0.0,0.0,0.0,0.0,0.0,1.0,0.0,0.0,0.0
367,0.0,0.0,0.0,1.0,0.0,0.0,0.0,0.0,0.0,-197.94455160532638,1.0,0.0,0.0,0.0,0.0,0.0,0.0,1.0,0.0,0.0,0.0
368,0.0,0.0,0.0,1.0,0.0,0.0,0.0,0.0,0.0,-198.34208888519342,1.0,0.0,0.0,0.0,0.0,0.0,0.0,1.0,0.0,0.0,0.0
369,0.0,0.0,0.0,1.0,0.0,0.0,0.0,0.0,0.0,-198.732616975278,1.0,0.0,0.0,0.0,0.0,0.0,0.0,1.0,0.0,0.0,0.0
370,0.0,0.0,0.0,1.0,0.0,0.0,0.0,0.0,0.0,-199.1149998930783,1.0,0.0,0.0,0.0,0.0,0.0,0.0,1.0,0.0,0.0,0.0
371,0.0,0.0,0.0,1.0,0.0,0.0,0.0,0.0,0.0,-199.48814355186008,1.0,0.0,0.0,0.0,0.0,0.0,0.0,1.0,0.0,0.0,0.0
372,0.0,0.0,0.0,1.0,0.0,0.0,0.0,0.0,0.0,-199.8509986271674,1.0,0.0,0.0,0.0,0.0,0.0,0.0,1.0,0.0,0.0,0.0
373,0.0,0.0,0.0,1.0,0.0,0.0,0.0,0.0,0.0,-200.20256324102604,1.0,0.0,0.0,0.0,0.0,0.0,0.0,1.0,0.0,0.0,0.0
374,0.0,0.0,0.0,1.0,0.0,0.0,0.0,0.0,0.0,-200.54188545793596,1.0,0.0,0.0,0.0,0.0,0.0,0.0,1.0,0.0,0.0,0.0
375,0.0,0.0,0.0,1.0,0.0,0.0,0.0,0.0,0.0,-200.86806558742856,1.0,0.0,0.0,0.0,0.0,0.0,0.0,1.0,0.0,0.0,0.0
376,0.0,0.0,0.0,1.0,0.0,0.0,0.0,0.0,0.0,-201.18025828865038,1.0,0.0,0.0,0.0,0.0,0.0,0.0,1.0,0.0,0.0,0.0
377,0.0,0.0,0.0,1.0,0.0,0.0,0.0,0.0,0.0,-201.47767447312555,1.0,0.0,0.0,0.0,0.0,0.0,0.0,1.0,0.0,0.0,0.0
378,0.0,0.0,0.0,1.0,0.0,0.0,0.0,0.0,0.0,-201.75958300254283,1.0,0.0,0.0,0.0,0.0,0.0,0.0,1.0,0.0,0.0,0.0
379,0.0,0.0,0.0,1.0,0.0,0.0,0.0,0.0,0.0,-202.02531217910573,1.0,0.0,0.0,0.0,0.0,0.0,0.0,1.0,0.0,0.0,0.0
380,0.0,0.0,0.0,1.0,0.0,0.0,0.0,0.0,0.0,-202.27425102667598,1.0,0.0,0.0,0.0,0.0,0.0,0.0,1.0,0.0,0.0,0.0
381,0.0,0.0,0.0,1.0,0.0,0.0,0.0,0.0,0.0,-202.50585036162727,1.0,0.0,0.0,0.0,0.0,0.0,0.0,1.0,0.0,0.0,0.0
382,0.0,0.0,0.0,1.0,0.0,0.0,0.0,0.0,0.0,-202.71962365300686,1.0,0.0,0.0,0.0,0.0,0.0,0.0,1.0,0.0,0.0,0.0
383,0.0,0.0,0.0,1.0,0.0,0.0,0.0,0.0,0.0,-202.915147672275,1.0,0.0,0.0,0.0,0.0,0.0,0.0,1.0,0.0,0.0,0.0
384,0.0,0.0,0.0,1.0,0.0,0.0,0.0,0.0,0.0,-203.092062933554,1.0,0.0,0.0,0.0,0.0,0.0,0.0,1.0,0.0,0.0,0.0
385,0.0,0.0,0.0,1.0,0.0,0.0,0.0,0.0,0.0,-203.25007392596822,1.0,0.0,0.0,0.0,0.0,0.0,0.0,1.0,0.0,0.0,0.0
386,0.0,0.0,0.0,1.0,0.0,0.0,0.0,0.0,0.0,-203.3889491402916,1.0,0.0,0.0,0.0,0.0,0.0,0.0,1.0,0.0,0.0,0.0
387,0.0,0.0,0.0,1.0,0.0,0.0,0.0,0.0,0.0,-203.5085208927386,1.0,0.0,0.0,0.0,0.0,0.0,0.0,1.0,0.0,0.0,0.0
388,0.0,0.0,0.0,1.0,0.0,0.0,0.0,0.0,0.0,-203.6086849493359,1.0,0.0,0.0,0.0,0.0,0.0,0.0,1.0,0.0,0.0,0.0
389,0.0,0.0,0.0,1.0,0.0,0.0,0.0,0.0,0.0,-203.68939995489447,1.0,0.0,0.0,0.0,0.0,0.0,0.0,1.0,0.0,0.0,0.0
390,0.0,0.0,0.0,1.0,0.0,0.0,0.0,0.0,0.0,-203.7506866711625,1.0,0.0,0.0,0.0,0.0,0.0,0.0,1.0,0.0,0.0,0.0
391,0.0,0.0,0.0,1.0,0.0,0.0,0.0,0.0,0.0,-203.79262702927824,1.0,0.0,0.0,0.0,0.0,0.0,0.0,1.0,0.0,0.0,0.0
392,0.0,0.0,0.0,1.0,0.0,0.0,0.0,0.0,0.0,-203.81536300215728,1.0,0.0,0.0,0.0,0.0,0.0,0.0,1.0,0.0,0.0,0.0
393,0.0,0.0,0.0,1.0,0.0,0.0,0.0,0.0,0.0,-203.81909530293754,1.0,0.0,0.0,0.0,0.0,0.0,0.0,1.0,0.0,0.0,0.0
394,0.0,0.0,0.0,1.0,0.0,0.0,0.0,0.0,0.0,-203.8040819160693,1.0,0.0,0.0,0.0,0.0,0.0,0.0,1.0,0.0,0.0,0.0
395,0.0,0.0,0.0,1.0,0.0,0.0,0.0,0.0,0.0,-203.7706364680731,1.0,0.0,0.0,0.0,0.0,0.0,0.0,1.0,0.0,0.0,0.0
396,0.0,0.0,0.0,1.0,0.0,0.0,0.0,0.0,0.0,-203.7191264453963,1.0,0.0,0.0,0.0,0.0,0.0,0.0,1.0,0.0,0.0,0.0
397,0.0,0.0,0.0,1.0,0.0,0.0,0.0,0.0,0.0,-203.64997126717697,1.0,0.0,0.0,0.0,0.0,0.0,0.0,1.0,0.0,0.0,0.0
398,0.0,0.0,0.0,1.0,0.0,0.0,0.0,0.0,0.0,-203.56364022107184,1.0,0.0,0.0,0.0,0.0,0.0,0.0,1.0,0.0,0.0,0.0
399,0.0,0.0,0.0,1.0,0.0,0.0,0.0,0.0,0.0,-203.46065027062303,1.0,0.0,0.0,0.0,0.0,0.0,0.0,1.0,0.0,0.0,0.0
