,ground.x,ground.y,ground.z,ground.e0,ground.e1,ground.e2,ground.e3,PD.rbs_crank.x,PD.rbs_crank.y,PD.rbs_crank.z,PD.rbs_crank.e0,PD.rbs_crank.e1,PD.rbs_crank.e2,PD.rbs_crank.e3
0,0.0,0.0,0.0,1.0,0.0,0.0,0.0,0.0,0.0,-250.0,1.0,0.0,0.0,0.0
1,0.0,0.0,0.0,1.0,-8.355937416039895e-26,0.0,0.0,0.0,15.72904717546512,-249.50471386031305,0.999504601477597,0.03147368636865202,0.0,0.0
2,0.0,0.0,0.0,1.0,2.1918822796560236e-26,0.0,0.0,0.0,31.395770021645024,-248.02078700913108,0.9980188348291782,0.06291618740245303,0.0,0.0
3,0.0,0.0,0.0,1.0,1.0727746884233106e-25,0.0,0.0,0.0,46.93809116120648,-245.55410964189352,0.9955441928610278,0.09429634866597834,0.0,0.0
4,0.0,0.0,0.0,1.0,8.056562168760179e-25,0.0,0.0,0.0,62.294426142760834,-242.1144556515057,0.9920831275445318,0.12558307749259642,0.0,0.0
5,0.0,0.0,0.0,1.0,-5.0000079180730345e-25,0.0,0.0,0.0,77.40392746114468,-237.7154542251527,0.9876390682358782,0.15674537379207582,0.0,0.0
6,0.0,0.0,0.0,1.0,6.218183113290046e-25,0.0,0.0,0.0,92.20672565788443,-232.3745358410263,0.9822164182793834,0.18775236076670326,0.0,0.0
7,0.0,0.0,0.0,1.0,4.533292777239425e-25,0.0,0.0,0.0,106.6441665462363,-226.11286320229425,0.9758205506444905,0.2185733155051975,0.0,0.0
8,0.0,0.0,0.0,1.0,9.507509320710082e-25,0.0,0.0,0.0,120.65904362086839,-218.95524738260596,0.9684578026020235,0.24917769942414825,0.0,0.0
9,0.0,0.0,0.0,1.0,-1.0289238478517385e-24,0.0,0.0,0.0,134.1958247312913,-210.9300495154006,0.9601354694449784,0.2795351885268151,0.0,0.0
10,0.0,0.0,0.0,1.0,-1.0305547319368002e-24,0.0,0.0,0.0,147.20087212087228,-202.0690684165575,0.9508617972600659,0.3096157034493054,0.0,0.0
11,0.0,0.0,0.0,1.0,1.0085948339693383e-24,0.0,0.0,0.0,159.62265495955728,-192.40741458567268,0.9406459747571735,0.33938943926436205,0.0,0.0
12,0.0,0.0,0.0,1.0,1.7696194306842524e-24,0.0,0.0,0.0,171.41195352816698,-181.98337108521292,0.9294981241648383,0.3688268950132266,0.0,0.0
13,0.0,0.0,0.0,1.0,-7.312661387190154e-25,0.0,0.0,0.0,182.52205424521293,-170.83824184879782,0.9174292912007568,0.39789890293632124,0.0,0.0
14,0.0,0.0,0.0,1.0,-1.5357745330922534e-24,0.0,0.0,0.0,192.90893476346466,-159.01618801966714,0.9044514341272624,0.4265766573737826,0.0,0.0
15,0.0,0.0,0.0,1.0,-8.047344387831674e-25,0.0,0.0,0.0,202.53143840284673,-146.5640529678225,0.8905774119026217,0.45483174330721343,0.0,0.0
16,0.0,0.0,0.0,1.0,-5.372976023156194e-25,0.0,0.0,0.0,211.35143722849824,-133.53117667918966,0.8758209714398865,0.48263616451437286,0.0,0.0
17,0.0,0.0,0.0,1.0,4.945680353848119e-25,0.0,0.0,0.0,219.33398312781736,-119.96920025226116,0.8601967339859232,0.5099623713089054,0.0,0.0
18,0.0,0.0,0.0,1.0,-1.9643832397707935e-24,0.0,0.0,0.0,226.4474462878696,-105.93186127687561,0.8437201806341235,0.5367832878376274,0.0,0.0
19,0.0,0.0,0.0,1.0,4.73610648112156e-25,0.0,0.0,0.0,232.66364052445937,-91.47478090591935,0.8264076369851414,0.5630723389083199,0.0,0.0
20,0.0,0.0,0.0,1.0,2.2826044227781566e-24,0.0,0.0,0.0,237.9579349662647,-76.65524346365179,0.8082762569708639,0.5888034763214473,0.0,0.0
21,0.0,0.0,0.0,1.0,-7.9917954836793055e-25,0.0,0.0,0.0,242.30935165150174,-61.53196946392733,0.7893440058576368,0.6139512046797125,0.0,0.0
22,0.0,0.0,0.0,1.0,2.622236139950138e-24,0.0,0.0,0.0,245.70064865040388,-46.16488293770063,0.7696296424455904,0.6384906066498738,0.0,0.0
23,0.0,0.0,0.0,1.0,5.857008053325789e-25,0.0,0.0,0.0,248.11838838415434,-30.61487399175004,0.7491527004817015,0.6623973676517934,0.0,0.0
24,0.0,0.0,0.0,1.0,1.2841044339286401e-24,0.0,0.0,0.0,249.55299086956657,-14.943557539449294,0.7279334693050075,0.6856477999502564,0.0,0.0
25,0.0,0.0,0.0,1.0,-1.5223951336978413e-24,0.0,0.0,0.0,249.99877167853674,0.7869708404129794,0.7059929737431525,0.7082188661256854,0.0,0.0
26,0.0,0.0,0.0,1.0,2.658663234473664e-24,0.0,0.0,0.0,249.45396446186058,16.514380949390166,0.6833529532801809,0.7300882019005005,0.0,0.0
27,0.0,0.0,0.0,1.0,-2.913667546172275e-24,0.0,0.0,0.0,247.92072794816514,32.176354944783355,0.6600358405162241,0.7512341382985019,0.0,0.0
28,0.0,0.0,0.0,1.0,-2.9034011946074364e-24,0.0,0.0,0.0,245.4051373902236,47.71083426608973,0.6360647389404207,0.7716357231153217,0.0,0.0
29,0.0,0.0,0.0,1.0,1.994840412409514e-24,0.0,0.0,0.0,241.91716049254663,63.056265534078676,0.6114634000390927,0.7912727416786728,0.0,0.0
30,0.0,0.0,0.0,1.0,-2.3955668271659443e-24,0.0,0.0,0.0,237.47061791563343,78.1518444481514,0.5862561997618635,0.810125736877819,0.0,0.0
31,0.0,0.0,0.0,1.0,1.5094032015806677e-24,0.0,0.0,0.0,232.08312851337922,92.93775671557339,0.5604681143690314,0.828176028442428,0.0,0.0
32,0.0,0.0,0.0,1.0,-4.169089345072191e-24,0.0,0.0,0.0,225.7760395206298,107.35541505792709,0.5341246956841353,0.8454057314516983,0.0,0.0
33,0.0,0.0,0.0,1.0,3.7563836498549908e-25,0.0,0.0,0.0,218.57434196750495,121.34769135567844,0.5072520457762268,0.861797774055424,0.0,0.0
34,0.0,0.0,0.0,1.0,-1.6783012526613973e-24,0.0,0.0,0.0,210.50657165565087,134.859143011014,0.47987679109693987,0.8773359143894401,0.0,0.0
35,0.0,0.0,0.0,1.0,-2.6442572600631744e-24,0.0,0.0,0.0,201.60469608879157,147.83623263201343,0.45202605609798324,0.8920047566686816,0.0,0.0
36,0.0,0.0,0.0,1.0,1.46220614843199e-24,0.0,0.0,0.0,191.9039878056003,160.22754016769036,0.4237274363551918,0.9057897664419201,0.0,0.0
37,0.0,0.0,0.0,1.0,6.379721023117543e-25,0.0,0.0,0.0,181.4428846167954,171.9839666533397,0.39500897122577383,0.9186772849930529,0.0,0.0
38,0.0,0.0,0.0,1.0,-9.695838290916512e-26,0.0,0.0,0.0,170.26283730025207,183.05892875887994,0.36589911606584075,0.9306545428746842,0.0,0.0
39,0.0,0.0,0.0,1.0,1.265760136118717e-24,0.0,0.0,0.0,158.40814535761803,193.40854336931588,0.336426714035749,0.9417096725605825,0.0,0.0
40,0.0,0.0,0.0,1.0,3.4214321235492923e-25,0.0,0.0,0.0,145.92578148322804,202.99180146594583,0.3066209675211915,0.95183172020448,0.0,0.0
41,0.0,0.0,0.0,1.0,-3.9760370027453664e-25,0.0,0.0,0.0,132.86520544083498,211.7707306193316,0.27651140919835476,0.9610106564935641,0.0,0.0
42,0.0,0.0,0.0,1.0,-6.040638666156267e-25,0.0,0.0,0.0,119.27816808564796,219.71054545017338,0.24612787277181006,0.9692373865859049,0.0,0.0
43,0.0,0.0,0.0,1.0,-1.701067182248124e-25,0.0,0.0,0.0,105.2185063082155,226.77978546190752,0.21550046341413728,0.9765037591219724,0.0,0.0
44,0.0,0.0,0.0,1.0,-1.0246981013907694e-25,0.0,0.0,0.0,90.74192971266,232.9504396988842,0.18465952793656384,0.9828025743013175,0.0,0.0
45,0.0,0.0,0.0,1.0,-1.9857611085577353e-25,0.0,0.0,0.0,75.90579987452708,238.19805773618106,0.15363562472018258,0.9881275910164083,0.0,0.0
46,0.0,0.0,0.0,1.0,2.2635041567086995e-25,0.0,0.0,0.0,60.768903052908954,242.50184656127254,0.12245949343753568,0.9924735330365607,0.0,0.0
47,0.0,0.0,0.0,1.0,3.027127194566833e-25,0.0,0.0,0.0,45.39121725744204,245.84475296367117,0.0911620245945674,0.9958360942358289,0.0,0.0
48,0.0,0.0,0.0,1.0,4.804074631622445e-26,0.0,0.0,0.0,29.833674593147993,248.21353110608402,0.05977422892312947,0.9982119428596796,0.0,0.0
49,0.0,0.0,0.0,1.0,-2.7603218443278102e-27,0.0,0.0,0.0,14.157919824792172,249.5987950093421,0.028327206654357322,0.9995987248262237,0.0,0.0
50,0.0,0.0,0.0,1.0,1.2931217731137105e-26,0.0,0.0,0.0,-1.5739338825797187,249.99505574313676,-0.0031478832966307683,0.9999950660587291,0.0,0.0
51,0.0,0.0,0.0,1.0,1.3227569053525745e-26,0.0,0.0,0.0,-17.299551079080867,249.400743175202,-0.03461985420418116,0.9994005738471098,0.0,0.0
52,0.0,0.0,0.0,1.0,1.5887997918000268e-25,0.0,0.0,0.0,-32.956621026197965,247.81821219276114,-0.06605752243310824,0.9978158372370377,0.0,0.0
53,0.0,0.0,0.0,1.0,-2.248707795382939e-25,0.0,0.0,0.0,-48.48310459508956,245.25373337158882,-0.09742973833663457,0.9952424264462935,0.0,0.0
54,0.0,0.0,0.0,1.0,-1.0074911941349002e-25,0.0,0.0,0.0,-63.81748008866701,241.7174681296604,-0.12870541712065608,0.991682891308935,0.0,0.0
55,0.0,0.0,0.0,1.0,5.40931784990807e-25,0.0,0.0,0.0,-78.89898701341795,237.22342846383722,-0.15985356964374747,0.9871407587488232,0.0,0.0
56,0.0,0.0,0.0,1.0,-2.983229111826179e-25,0.0,0.0,0.0,-93.66786683505799,231.78942142912962,-0.19084333312239068,0.9816205292850121,0.0,0.0
57,0.0,0.0,0.0,1.0,-2.193597709049865e-25,0.0,0.0,0.0,-108.0655997640488,225.43697858052747,-0.22164400171100512,0.9751276725724601,0.0,0.0
58,0.0,0.0,0.0,1.0,8.378261244630045e-26,0.0,0.0,0.0,-122.03513663274765,218.19127065697978,-0.25222505692647496,0.9676686219824882,0.0,0.0
59,0.0,0.0,0.0,1.0,-4.7907440749363183e-26,0.0,0.0,0.0,-135.5211249454081,210.0810078455734,-0.2825561978870334,0.9592507682283474,0.0,0.0
60,0.0,0.0,0.0,1.0,-8.144388644624827e-26,0.0,0.0,0.0,-148.47012820533556,201.13832602110423,-0.31260737133553784,0.9498824520422178,0.0,0.0
61,0.0,0.0,0.0,1.0,-4.4761236280877025e-25,0.0,0.0,0.0,-160.83083765014175,191.39865941180082,-0.3423488014173873,0.9395729559108911,0.0,0.0
62,0.0,0.0,0.0,1.0,9.10874988145173e-25,0.0,0.0,0.0,-172.55427555612715,180.90060019574545,-0.37175101918358294,0.9283324948783267,0.0,0.0
63,0.0,0.0,0.0,1.0,3.996216989470952e-25,0.0,0.0,0.0,-183.5939893062204,169.68574558432485,-0.40078489178969057,0.9161722064241946,0.0,0.0
64,0.0,0.0,0.0,1.0,2.471253777026231e-25,0.0,0.0,0.0,-193.90623545250796,157.79853299862248,-0.4294216513617808,0.9031041394284339,0.0,0.0
65,0.0,0.0,0.0,1.0,6.570349615132734e-24,0.0,0.0,0.0,-203.45015304402799,145.28606399184469,-0.4576329235007405,0.8891412422327605,0.0,0.0
66,0.0,0.0,0.0,1.0,3.7649440015736174e-25,0.0,0.0,0.0,-212.1879255330414,132.19791761546503,-0.4853907553967154,0.8742973498109536,0.0,0.0
67,0.0,0.0,0.0,1.0,-2.65077352512442e-24,0.0,0.0,0.0,-220.08493061824524,118.58595396860022,-0.5126676435258264,0.8585871700606336,0.0,0.0
68,0.0,0.0,0.0,1.0,4.1020616545924235e-24,0.0,0.0,0.0,-227.10987743119495,104.50410870902833,-0.5394365609017132,0.8420262692301134,0.0,0.0
69,0.0,0.0,0.0,1.0,3.4350626576990465e-24,0.0,0.0,0.0,-233.2349305223522,90.00817934007085,-0.5656709838549109,0.8246310564947625,0.0,0.0
70,0.0,0.0,0.0,1.0,-3.620802769022054e-26,0.0,0.0,0.0,-238.4358201554786,75.15560412015233,-0.591344918313517,0.8064187676981674,0.0,0.0
71,0.0,0.0,0.0,1.0,-3.533286829065047e-24,0.0,0.0,0.0,-242.6919384733488,60.005234471078126,-0.6164329255591143,0.7874074482741971,0.0,0.0
72,0.0,0.0,0.0,1.0,-2.8728616730456103e-25,0.0,0.0,0.0,-245.98642115373792,44.61710178683361,-0.640910147432429,0.7676159353668951,0.0,0.0
73,0.0,0.0,0.0,1.0,-9.521605113275088e-25,0.0,0.0,0.0,-248.3062142321325,29.052179566895195,-0.6647523309637469,0.7470638391659151,0.0,0.0
74,0.0,0.0,0.0,1.0,2.526412493430124e-24,0.0,0.0,0.0,-249.64212582638845,13.37214181656953,-0.6879358524036863,0.7257715234759936,0.0,0.0
75,0.0,0.0,0.0,1.0,-1.496500306849518e-24,0.0,0.0,0.0,-249.98886255838346,-2.3608813283312884,-0.710437740630513,0.7037600855397121,0.0,0.0
76,0.0,0.0,0.0,1.0,-7.8401082151067e-25,0.0,0.0,0.0,-249.34505052834822,-18.084549784174577,-0.7322356999108108,0.6810513351335392,0.0,0.0
77,0.0,0.0,0.0,1.0,-5.82391898002647e-25,0.0,0.0,0.0,-247.71324075876737,-33.73656053408162,-0.7533081319909464,0.657667772957868,0.0,0.0
78,0.0,0.0,0.0,1.0,-2.3743468046213595e-24,0.0,0.0,0.0,-245.0998990862811,-49.254894495629976,-0.7736341574974479,0.6336325683424623,0.0,0.0
79,0.0,0.0,0.0,1.0,1.1073207475816852e-24,0.0,0.0,0.0,-241.51538054163723,-64.57806226350368,-0.7931936366250889,0.6089695362893923,0.0,0.0
80,0.0,0.0,0.0,1.0,5.811123292373875e-25,0.0,0.0,0.0,-236.97388831921236,-79.64534775336396,-0.811967189092179,0.5837031138762211,0.0,0.0
81,0.0,0.0,0.0,1.0,-1.090553182957654e-24,0.0,0.0,0.0,-231.49341749867781,-94.39704878153586,-0.8299362133432896,0.5578583360428101,0.0,0.0
82,0.0,0.0,0.0,1.0,1.4536415248022266e-24,0.0,0.0,0.0,-225.0956837418077,-108.77471362724373,-0.8470829049803886,0.5314608107857407,0.0,0.0
83,0.0,0.0,0.0,1.0,-1.380310576414552e-24,0.0,0.0,0.0,-217.80603724695806,-122.72137264004792,-0.8633902744041206,0.50453669378493,0.0,0.0
84,0.0,0.0,0.0,1.0,9.954445697053364e-25,0.0,0.0,0.0,-209.65336230216184,-136.1817639747674,-0.8788421636477518,0.4771126624875819,0.0,0.0
85,0.0,0.0,0.0,1.0,-3.8961412945759224e-25,0.0,0.0,0.0,-200.66996283484653,-149.10255255944512,-0.8934232623871048,0.44921588967514675,0.0,0.0
86,0.0,0.0,0.0,1.0,-5.151644907703609e-25,0.0,0.0,0.0,-190.8914344116711,-161.43254142872024,-0.9071191231106133,0.4208740165394904,0.0,0.0
87,0.0,0.0,0.0,1.0,7.900710399679367e-25,0.0,0.0,0.0,-180.35652319566398,-173.1228745852284,-0.919916175434471,0.3921151252949404,0.0,0.0
88,0.0,0.0,0.0,1.0,2.179456990259607e-25,0.0,0.0,0.0,-169.1069724195293,-184.12723058521615,-0.9318017395486875,0.3629677113533533,0.0,0.0
89,0.0,0.0,0.0,1.0,-4.22747688434292e-25,0.0,0.0,0.0,-157.1873569834471,-194.40200608131383,-0.9427640387807309,0.33346065508976586,0.0,0.0
90,0.0,0.0,0.0,1.0,-1.4433534946186842e-24,0.0,0.0,0.0,-144.6449068327565,-203.90648859519894,-0.9527922112643059,0.30362319322661335,0.0,0.0
91,0.0,0.0,0.0,1.0,-4.637782257211934e-25,0.0,0.0,0.0,-131.52931981536403,-212.60301783556247,-0.9618763207017069,0.27348488986486674,0.0,0.0
92,0.0,0.0,0.0,1.0,1.347735459709332e-25,0.0,0.0,0.0,-117.8925647604018,-220.45713492217772,-0.9700073662090837,0.2430756071907827,0.0,0.0
93,0.0,0.0,0.0,1.0,5.01037320210971e-25,0.0,0.0,0.0,-103.78867555841828,-227.43771892478648,-0.9771772912348613,0.21242547588730976,0.0,0.0
94,0.0,0.0,0.0,1.0,1.1184636058500262e-24,0.0,0.0,0.0,-89.27353705902613,-233.51711017578876,-0.9833789915424803,0.18156486527945143,0.0,0.0
95,0.0,0.0,0.0,1.0,1.4033162049071722e-25,0.0,0.0,0.0,-74.40466363436215,-238.6712198681237,-0.9886063222495473,0.15052435324317312,0.0,0.0
96,0.0,0.0,0.0,1.0,7.577747339840468e-26,0.0,0.0,0.0,-59.24097128577454,-242.87962550407315,-0.9928541039164186,0.11933469590767175,0.0,0.0
97,0.0,0.0,0.0,1.0,3.1682501906696446e-26,0.0,0.0,0.0,-43.84254419673493,-246.12565181678676,-0.9961181276781895,0.08802679718102499,0.0,0.0
98,0.0,0.0,0.0,1.0,-2.4643642323942633e-25,0.0,0.0,0.0,-28.27039665697644,-248.3964368438847,-0.9983951594149972,0.0566316781294121,0.0,0.0
99,0.0,0.0,0.0,1.0,-8.46089098786104e-26,0.0,0.0,0.0,-12.586231301207684,-249.6829828913322,-0.9996829429565119,0.02518044624025416,0.0,0.0
100,0.0,0.0,0.0,1.0,3.7870493324372886e-26,0.0,0.0,0.0,3.1478053796530854,-249.98019218564627,-0.9999802023174363,-0.006295735400277166,0.0,0.0
101,0.0,0.0,0.0,1.0,-1.2794753572878657e-25,0.0,0.0,0.0,18.869369285967164,-249.28688707316837,-0.9992866429618006,-0.037765678984840755,0.0,0.0
102,0.0,0.0,0.0,1.0,1.5990753063545262e-25,0.0,0.0,0.0,34.51616573986227,-247.60581468636633,-0.9976029520948005,-0.06919820288699877,0.0,0.0
103,0.0,0.0,0.0,1.0,2.5719979141126e-25,0.0,0.0,0.0,50.02619631989558,-244.94363605867383,-0.9949307979818877,-0.10056216255717228,0.0,0.0
104,0.0,0.0,0.0,1.0,1.810650348261873e-25,0.0,0.0,0.0,65.33800452183266,-241.31089973100214,-0.9912728282957889,-0.1318264813818474,0.0,0.0
105,0.0,0.0,0.0,1.0,6.125816626962472e-25,0.0,0.0,0.0,80.39091927215676,-236.72199995450015,-0.9866326674930891,-0.16296018147548377,0.0,0.0
106,0.0,0.0,0.0,1.0,-2.062160938804124e-26,0.0,0.0,0.0,95.12529532940226,-231.1951196551839,-0.9810149132229825,-0.19393241437458358,0.0,0.0
107,0.0,0.0,0.0,1.0,6.481346225901643e-25,0.0,0.0,0.0,109.48274962076569,-224.75215838642694,-0.9744251317717446,-0.22471249160353596,0.0,0.0
108,0.0,0.0,0.0,1.0,2.1832594953685408e-24,0.0,0.0,0.0,123.40639257753372,-217.41864555479233,-0.9668698525474422,-0.25526991508193525,0.0,0.0
109,0.0,0.0,0.0,1.0,2.23096705538972e-25,0.0,0.0,0.0,136.84105355269128,-209.22363926303896,-0.9583565616103464,-0.2855744073432443,0.0,0.0
110,0.0,0.0,0.0,1.0,4.833829068260525e-25,0.0,0.0,0.0,149.73349942752682,-200.19961117112004,-0.9488936942554566,-0.31559594153487364,0.0,0.0
111,0.0,0.0,0.0,1.0,-3.524190146792466e-25,0.0,0.0,0.0,162.03264554102654,-190.38231783140174,-0.9384906266544867,-0.3453047711699333,0.0,0.0
112,0.0,0.0,0.0,1.0,-5.453416971900686e-25,0.0,0.0,0.0,173.6897581062853,-179.81065900791558,-0.9271576665655948,-0.3746714596011983,0.0,0.0
113,0.0,0.0,0.0,1.0,-1.3503233614503378e-24,0.0,0.0,0.0,184.6586473118759,-168.52652354104097,-0.9149060431200623,-0.40366690918806036,0.0,0.0
114,0.0,0.0,0.0,1.0,-4.076785201496019e-24,0.0,0.0,0.0,194.89585034304645,-156.57462336835306,-0.9017478956960384,-0.4322623901275909,0.0,0.0
115,0.0,0.0,0.0,1.0,-3.9901491565621084e-24,0.0,0.0,0.0,204.36080359754106,-144.0023163593144,-0.8876962618903811,-0.46042956892112746,0.0,0.0
116,0.0,0.0,0.0,1.0,9.91052283690124e-25,0.0,0.0,0.0,213.01600341366503,-130.85941866579665,-0.8727650646005031,-0.4881405364481942,0.0,0.0
117,0.0,0.0,0.0,1.0,-1.8762738941593945e-24,0.0,0.0,0.0,220.82715467372665,-117.1980073319799,-0.8569690982290358,-0.5153678356199235,0.0,0.0
118,0.0,0.0,0.0,1.0,-1.2299845843233194e-24,0.0,0.0,0.0,227.76330669403742,-103.07221394575092,-0.8403240140249644,-0.5420844885845957,0.0,0.0
119,0.0,0.0,0.0,1.0,6.592870956701557e-25,0.0,0.0,0.0,233.79697586302143,-88.53801014923816,-0.8228463045757712,-0.5682640234583289,0.0,0.0
120,0.0,0.0,0.0,1.0,1.4905319595100166e-24,0.0,0.0,0.0,238.90425454149488,-73.65298585837112,-0.8045532874659507,-0.5938805005544318,0.0,0.0
121,0.0,0.0,0.0,1.0,-4.321789376818263e-25,0.0,0.0,0.0,243.06490579361838,-58.47612107023029,-0.7854630881180775,-0.6189085380854463,0.0,0.0
122,0.0,0.0,0.0,1.0,-6.89214279925713e-25,0.0,0.0,0.0,246.26244357315392,-43.067552162387415,-0.7655946218334483,-0.6433233373123892,0.0,0.0
123,0.0,0.0,0.0,1.0,-7.8297550383507455e-25,0.0,0.0,0.0,248.48419804730742,-27.488333610229994,-0.7449675750500727,-0.6671007071162983,0.0,0.0
124,0.0,0.0,0.0,1.0,-2.1550333442787156e-24,0.0,0.0,0.0,249.72136579931285,-11.800196066445883,-0.7236023858365983,-0.6902170879677159,0.0,0.0
125,0.0,0.0,0.0,1.0,1.0707144653838137e-24,0.0,0.0,0.0,249.9690447108415,3.9346982387628664,-0.7015202236414855,-0.7126495752703789,0.0,0.0
126,0.0,0.0,0.0,1.0,-1.4913803302730768e-24,0.0,0.0,0.0,249.2262533860155,19.654001807530218,-0.6787429683175104,-0.7343759420559651,0.0,0.0
127,0.0,0.0,0.0,1.0,1.3951907529622718e-24,0.0,0.0,0.0,247.49593504006342,35.29542891828219,-0.655293188442365,-0.7553746610074303,0.0,0.0
128,0.0,0.0,0.0,1.0,3.596496150561851e-24,0.0,0.0,0.0,244.7849458372078,50.79700242490724,-0.6311941189568471,-0.7756249257890959,0.0,0.0
129,0.0,0.0,0.0,1.0,-3.739661099478205e-24,0.0,0.0,0.0,241.1040277239951,66.09729933323904,-0.6064696381427901,-0.7951066716623653,0.0,0.0
130,0.0,0.0,0.0,1.0,-4.37474745521857e-24,0.0,0.0,0.0,236.46776586571127,81.13569418178373,-0.5811442439635423,-0.8138005953666376,0.0,0.0
131,0.0,0.0,0.0,1.0,1.2471377178540627e-24,0.0,0.0,0.0,230.89453085453908,95.85259926232102,-0.5552430297904536,-0.8316881742457137,0.0,0.0
132,0.0,0.0,0.0,1.0,-1.2467202367279587e-25,0.0,0.0,0.0,224.40640591844425,110.18970072854921,-0.5287916595393936,-0.8487516846007583,0.0,0.0
133,0.0,0.0,0.0,1.0,-2.581109665748465e-25,0.0,0.0,0.0,217.0290994192217,124.0901896572102,-0.5018163422419638,-0.8649742192516188,0.0,0.0
134,0.0,0.0,0.0,1.0,-1.344407347969487e-24,0.0,0.0,0.0,208.7918429864131,137.49898714615256,-0.47434380607658294,-0.8803397042891069,0.0,0.0
135,0.0,0.0,0.0,1.0,8.385903132086912e-25,0.0,0.0,0.0,199.7272756907304,150.3629625574057,-0.44640127188518686,-0.8948329150016435,0.0,0.0
136,0.0,0.0,0.0,1.0,1.073520744998112e-24,0.0,0.0,0.0,189.87131471592696,162.63114404051336,-0.4180164262017666,-0.9084394909604899,0.0,0.0
137,0.0,0.0,0.0,1.0,-1.0639335921318654e-25,0.0,0.0,0.0,179.26301304157377,174.25492050193984,-0.3892173938195003,-0.921145950248606,0.0,0.0
138,0.0,0.0,0.0,1.0,-4.558504823223456e-25,0.0,0.0,0.0,167.9444047006397,185.18823422028885,-0.36003270992362046,-0.9329397028190543,0.0,0.0
139,0.0,0.0,0.0,1.0,6.465147754564539e-25,0.0,0.0,0.0,155.96033822503665,195.38776334410755,-0.3304912918176639,-0.9438090629696999,0.0,0.0
140,0.0,0.0,0.0,1.0,5.291390525184026e-25,0.0,0.0,0.0,143.35829893907064,204.8130935491597,-0.3006224102710971,-0.9537432609218517,0.0,0.0
141,0.0,0.0,0.0,1.0,-8.485645721719492e-25,0.0,0.0,0.0,130.1882208049432,213.426878174995,-0.2704556605167161,-0.9627324534913726,0.0,0.0
142,0.0,0.0,0.0,1.0,9.443112875706834e-25,0.0,0.0,0.0,116.50228856583873,221.19498620629452,-0.2400209329265553,-0.9707677338416831,0.0,0.0
143,0.0,0.0,0.0,1.0,3.484978932912933e-25,0.0,0.0,0.0,102.35473097058217,228.0866375126358,-0.20934838339536158,-0.977841140308997,0.0,0.0
144,0.0,0.0,0.0,1.0,-3.642974262607081e-26,0.0,0.0,0.0,87.8016058991858,234.0745248108065,-0.17846840346097673,-0.9839456642910426,0.0,0.0
145,0.0,0.0,0.0,1.0,-1.4576503827291795e-25,0.0,0.0,0.0,72.90057824069913,239.13492186640684,-0.14741159019123704,-0.9890752571914545,0.0,0.0
146,0.0,0.0,0.0,1.0,-3.869644381812256e-25,0.0,0.0,0.0,57.71069140349391,243.24777750600617,-0.11620871586722942,-0.9932248364129547,0.0,0.0
147,0.0,0.0,0.0,1.0,-1.2735177388355807e-25,0.0,0.0,0.0,42.29213336333656,246.39679506734367,-0.08489069749292599,-0.9963902903933858,0.0,0.0
148,0.0,0.0,0.0,1.0,-1.8163168575209189e-25,0.0,0.0,0.0,26.705998176270178,248.5694969727578,-0.05348856616144398,-0.9985684826796026,0.0,0.0
149,0.0,0.0,0.0,1.0,5.008511159954422e-26,0.0,0.0,0.0,11.014043901258976,249.7572741699868,-0.02203343630823932,-0.999757255035192,0.0,0.0
150,0.0,0.0,0.0,1.0,3.1709494303863477e-26,0.0,0.0,0.0,-4.72155210818664,249.95542024443174,0.009443525118264193,-0.9999554295789347,0.0,0.0
151,0.0,0.0,0.0,1.0,-9.034089970003043e-26,0.0,0.0,0.0,-20.43843957378848,249.1631500677205,0.040911129538083145,-0.9991628099518963,0.0,0.0
152,0.0,0.0,0.0,1.0,1.0267669477491806e-25,0.0,0.0,0.0,-36.07434234747067,247.38360290867763,0.07233819764251515,-0.9973801815119867,0.0,0.0
153,0.0,0.0,0.0,1.0,-2.3959334627851335e-27,0.0,0.0,0.0,-51.56730517259808,244.62382999437514,0.10369359028779263,-0.9946093105557974,0.0,0.0
154,0.0,0.0,0.0,1.0,-2.4648871788208338e-25,0.0,0.0,0.0,-66.85593917372479,240.89476657055053,0.1349462393489418,-0.990852942568487,0.0,0.0
155,0.0,0.0,0.0,1.0,1.1189575294938384e-25,0.0,0.0,0.0,-81.87966510212618,236.2111885721006,0.1660651785032665,-0.9861147995034499,0.0,0.0
156,0.0,0.0,0.0,1.0,4.60511303435595e-25,0.0,0.0,0.0,-96.57895337329711,230.59165407533573,0.19701957391297828,-0.9803995760944614,0.0,0.0
157,0.0,0.0,0.0,1.0,6.435911270616283e-25,0.0,0.0,0.0,-110.89555994527885,224.05842976398785,0.22777875477653178,-0.9737129352039562,0.0,0.0
158,0.0,0.0,0.0,1.0,1.5647358913522273e-25,0.0,0.0,0.0,-124.77275710320002,216.63740270033392,0.2583122437184411,-0.9660615022120465,0.0,0.0
159,0.0,0.0,0.0,1.0,1.1337076404666907e-25,0.0,0.0,0.0,-138.15555823555897,208.3579777510376,0.28858978698742627,-0.957452858451842,0.0,0.0
160,0.0,0.0,0.0,1.0,1.9435943695278345e-25,0.0,0.0,0.0,-150.99093571161055,199.25296107414087,0.3185813844329916,-0.9478955336975744,0.0,0.0
161,0.0,0.0,0.0,1.0,-9.009735635144093e-26,0.0,0.0,0.0,-163.2280309965425,189.35843012887645,0.34825731923072434,-0.93739899771297,0.0,0.0
162,0.0,0.0,0.0,1.0,-3.760793300168301e-25,0.0,0.0,0.0,-174.81835617188798,178.71359072336872,0.37758818732686306,-0.9259736508682442,0.0,0.0
163,0.0,0.0,0.0,1.0,1.4395749392663775e-24,0.0,0.0,0.0,-185.71598606267565,167.3606216666539,0.40654492657296304,-0.9136308138350169,0.0,0.0
164,0.0,0.0,0.0,1.0,-1.225911799722461e-24,0.0,0.0,0.0,-195.8777402100358,155.34450764056814,0.4350988455217821,-0.900382716369358,0.0,0.0
165,0.0,0.0,0.0,1.0,-8.792143016998554e-25,0.0,0.0,0.0,-205.26335396822597,142.71286095371912,0.4632216518558753,-0.8862424851940722,0.0,0.0
166,0.0,0.0,0.0,1.0,2.7190135812857646e-25,0.0,0.0,0.0,-213.83563804811502,129.51573288383284,0.4908854804206969,-0.8712241309922452,0.0,0.0
167,0.0,0.0,0.0,1.0,2.6482710272047725e-24,0.0,0.0,0.0,-221.5606258749678,115.80541535598996,0.5180629208344719,-0.8553425345249157,0.0,0.0
168,0.0,0.0,0.0,1.0,-9.716027670195864e-25,0.0,0.0,0.0,-228.40770817663397,101.63623374259012,0.5447270446474493,-0.8386134318866512,0.0,0.0
169,0.0,0.0,0.0,1.0,-1.746626906590046e-24,0.0,0.0,0.0,-234.34975426885822,87.06433160604043,0.5708514320236429,-0.8210533989136196,0.0,0.0
170,0.0,0.0,0.0,1.0,6.883072995236575e-25,0.0,0.0,0.0,-239.363219557132,72.14744823709995,0.5964101979186177,-0.8026798347596171,0.0,0.0
171,0.0,0.0,0.0,1.0,-6.810083674205239e-26,0.0,0.0,0.0,-243.42823882912566,56.94468987035549,0.6213780177273847,-0.7835109446563189,0.0,0.0
172,0.0,0.0,0.0,1.0,3.406598227991399e-24,0.0,0.0,0.0,-246.5287049680408,41.51629548335786,0.6457301523769889,-0.7635657218748375,0.0,0.0
173,0.0,0.0,0.0,1.0,-2.232030168521338e-24,0.0,0.0,0.0,-248.65233277499232,25.92339810740999,0.6694424728389328,-0.7428639289064625,0.0,0.0
174,0.0,0.0,0.0,1.0,1.4000302688359708e-24,0.0,0.0,0.0,-249.79070764753084,10.227782595781093,0.6924914840371419,-0.7214260778812254,0.0,0.0
175,0.0,0.0,0.0,1.0,-4.424198928431726e-25,0.0,0.0,0.0,-249.93931892142444,-5.508359190837259,0.7148543481277848,-0.6992734102436979,0.0,0.0
176,0.0,0.0,0.0,1.0,-2.504947964520001e-24,0.0,0.0,0.0,-249.0975777435863,-21.222674811596725,0.7365089071278903,-0.6764278757061479,0.0,0.0
177,0.0,0.0,0.0,1.0,8.277569032007188e-25,0.0,0.0,0.0,-247.26881940532957,-36.85289830902487,0.7574337048703179,-0.652912110499932,0.0,0.0
178,0.0,0.0,0.0,1.0,-6.8717211017929305e-25,0.0,0.0,0.0,-244.4602901267036,-52.33709692988994,0.7776080082633576,-0.6287494149466424,0.0,0.0
179,0.0,0.0,0.0,1.0,-2.253997952969457e-24,0.0,0.0,0.0,-240.68311834427803,-67.61391652577925,0.7970118278338689,-0.6039637303712585,0.0,0.0
180,0.0,0.0,0.0,1.0,-1.8648990552511083e-24,0.0,0.0,0.0,-235.95227061614162,-82.62282466103346,0.815625937533618,-0.5785796153801633,0.0,0.0
181,0.0,0.0,0.0,1.0,-2.2277960180079585e-24,0.0,0.0,0.0,-230.28649231883875,-97.3043504647466,0.8334318937891805,-0.552622221527538,0.0,0.0
182,0.0,0.0,0.0,1.0,2.414573724817325e-24,0.0,0.0,0.0,-223.70823337122087,-111.60032027645876,0.8504120537765468,-0.5261172683942306,0.0,0.0
183,0.0,0.0,0.0,1.0,-1.629492413825824e-24,0.0,0.0,0.0,-216.24355927952774,-125.45408815181021,0.8665495929023032,-0.4990910181038162,0.0,0.0
184,0.0,0.0,0.0,1.0,-2.0578452026918542e-25,0.0,0.0,0.0,-207.92204785616664,-138.81076031482127,0.8818285214740843,-0.47157024930107866,0.0,0.0
185,0.0,0.0,0.0,1.0,5.677237945943706e-25,0.0,0.0,0.0,-198.77667202142692,-151.61741266743363,0.896233700543778,-0.44358223061869445,0.0,0.0
186,0.0,0.0,0.0,1.0,1.0149590481870431e-24,0.0,0.0,0.0,-188.84366915252176,-163.82330049444644,0.9097508569077691,-0.41515469365843716,0.0,0.0
187,0.0,0.0,0.0,1.0,4.271026555799779e-25,0.0,0.0,0.0,-178.16239749763167,-175.38005953293737,0.9223665972493812,-0.38631580551363515,0.0,0.0
188,0.0,0.0,0.0,1.0,1.756988763625368e-24,0.0,0.0,0.0,-166.77518022390274,-186.24189760944117,0.9340684214094864,-0.3570941408601395,0.0,0.0
189,0.0,0.0,0.0,1.0,1.0085777714744993e-24,0.0,0.0,0.0,-154.72713771733123,-196.36577608555623,0.9448447347721424,-0.3275186536434389,0.0,0.0
190,0.0,0.0,0.0,1.0,8.188963620089324e-25,0.0,0.0,0.0,-142.06600879902973,-205.71158039302213,0.9546848597529826,-0.29761864838998076,0.0,0.0
191,0.0,0.0,0.0,1.0,5.25792237413105e-25,0.0,0.0,0.0,-128.8419615662785,-214.24227898254443,0.963579046378976,-0.2674237511711222,0.0,0.0
192,0.0,0.0,0.0,1.0,9.640177030920297e-25,0.0,0.0,0.0,-115.107394607885,-221.9240700565521,0.9715184819490735,-0.2369638802484861,0.0,0.0
193,0.0,0.0,0.0,1.0,-2.8215203448444847e-25,0.0,0.0,0.0,-100.91672938150309,-228.72651550448035,0.978495299766171,-0.20626921642979687,0.0,0.0
194,0.0,0.0,0.0,1.0,-7.899229709222667e-25,0.0,0.0,0.0,-86.32619457559596,-234.6226615098745,0.9845025869317343,-0.17537017316457762,0.0,0.0
195,0.0,0.0,0.0,1.0,-1.1905125995662743e-25,0.0,0.0,0.0,-71.39360331048327,-239.58914535142478,0.989534391195363,-0.14429736640934693,0.0,0.0
196,0.0,0.0,0.0,1.0,6.770085977167742e-26,0.0,0.0,0.0,-56.17812406127265,-243.60628797475047,0.9935857268525093,-0.11308158429214675,0.0,0.0
197,0.0,0.0,0.0,1.0,4.819574575934154e-25,0.0,0.0,0.0,-40.740046210378026,-246.65817196812486,0.9966525796845047,-0.08175375660648913,0.0,0.0
198,0.0,0.0,0.0,1.0,1.3940109736350664e-26,0.0,0.0,0.0,-25.140541158584288,-248.73270463317513,0.9987319109360021,-0.0503449241649302,0.0,0.0
199,0.0,0.0,0.0,1.0,-1.0727387442884787e-26,0.0,0.0,0.0,-9.441419941227997,-249.82166590064637,0.9998216603258908,-0.018886208042643574,0.0,0.0
200,0.0,0.0,0.0,1.0,2.426560638233692e-27,0.0,0.0,0.0,6.295111690091876,-249.9207409013707,0.9999207480887021,0.012591221258534136,0.0,0.0
201,0.0,0.0,0.0,1.0,2.319175881065092e-25,0.0,0.0,0.0,22.006699749815553,-249.0295370633819,0.9990290760444823,0.044056174695031224,0.0,0.0
202,0.0,0.0,0.0,1.0,-2.384922588049244e-26,0.0,0.0,0.0,37.63108908808283,-247.15158566743116,0.997147527696073,0.07547747558484218,0.0,0.0
203,0.0,0.0,0.0,1.0,-2.4680739429277193e-26,0.0,0.0,0.0,53.1063700687665,-244.29432785474168,0.9942779673537031,0.10682399049857415,0.0,0.0
204,0.0,0.0,0.0,1.0,-1.3443118288973988e-25,0.0,0.0,0.0,68.3712238784591,-240.46908514244072,0.9904232382877584,0.13806466010765162,0.0,0.0
205,0.0,0.0,0.0,1.0,-3.95253623062428e-25,0.0,0.0,0.0,83.365165494392,-235.6910145635031,0.9855871599115598,0.1691685299590817,0.0,0.0
206,0.0,0.0,0.0,1.0,6.4220753011599805e-25,0.0,0.0,0.0,98.02878334857073,-229.97904860895432,0.9797745239969432,0.20010478114631425,0.0,0.0
207,0.0,0.0,0.0,1.0,-4.042802565695588e-25,0.0,0.0,0.0,112.30397473848289,-223.35582021030703,0.9729910899263888,0.23084276084579528,0.0,0.0
208,0.0,0.0,0.0,1.0,3.236272579231278e-25,0.0,0.0,0.0,126.1341760515991,-215.84757305947412,0.9652435789864008,0.26135201268896896,0.0,0.0
209,0.0,0.0,0.0,1.0,-1.2157998001885606e-24,0.0,0.0,0.0,139.46458689141593,-207.48405762151341,0.9565396677078033,0.29160230693959954,0.0,0.0
210,0.0,0.0,0.0,1.0,-2.2192139418857603e-25,0.0,0.0,0.0,152.24238721699356,-198.298413252229,0.9468879802595372,0.3215636704465623,0.0,0.0
211,0.0,0.0,0.0,1.0,8.183171452776187e-25,0.0,0.0,0.0,164.41694663558405,-188.3270368877297,0.9362980799035033,0.35120641634238986,0.0,0.0
212,0.0,0.0,0.0,1.0,2.0798613816753126e-24,0.0,0.0,0.0,175.94002501906047,-177.60943882624355,0.9247804595189144,0.3805011734581595,0.0,0.0
213,0.0,0.0,0.0,1.0,-1.6992687038285473e-24,0.0,0.0,0.0,186.76596364922656,-166.18808617363817,0.9123465312055523,0.40941891542556674,0.0,0.0
214,0.0,0.0,0.0,1.0,1.8841954889255752e-24,0.0,0.0,0.0,196.85186613462636,-154.1082345729648,0.8990086149762174,0.4379309894373704,0.0,0.0
215,0.0,0.0,0.0,1.0,1.2798246919539322e-24,0.0,0.0,0.0,206.15776838198624,-141.417748884785,0.8847799265495896,0.46600914463769266,0.0,0.0
216,0.0,0.0,0.0,1.0,1.9496518980394905e-24,0.0,0.0,0.0,214.6467969487993,-128.16691352881102,0.8696745642555893,0.4936255601140424,0.0,0.0
217,0.0,0.0,0.0,1.0,3.5169848251948674e-25,0.0,0.0,0.0,222.2853151496088,-114.40823323834654,0.8537074950662082,0.5207528724633511,0.0,0.0
218,0.0,0.0,0.0,1.0,-2.1765903441648192e-24,0.0,0.0,0.0,229.04305633705175,-100.19622501702814,0.8368945397656642,0.547364202904673,0.0,0.0
219,0.0,0.0,0.0,1.0,-9.252733383998693e-25,0.0,0.0,0.0,234.89324382956454,-85.58720212219545,0.8192523572745564,0.573433183911721,0.0,0.0
220,0.0,0.0,0.0,1.0,2.0613478665506817e-24,0.0,0.0,0.0,239.81269701054262,-70.63905093084479,0.8007984281435722,0.5989339853388144,0.0,0.0
221,0.0,0.0,0.0,1.0,1.6352815860868957e-24,0.0,0.0,0.0,243.7819231785572,-55.411001572294424,0.7815510372330875,0.623841340014379,0.0,0.0
222,0.0,0.0,0.0,1.0,-3.927658809778013e-24,0.0,0.0,0.0,246.78519478468212,-39.963393236402126,0.7615292555958243,0.6481305687766322,0.0,0.0
223,0.0,0.0,0.0,1.0,-3.4220402028918215e-26,0.0,0.0,0.0,248.81061175088576,-24.357435087274357,0.740752921580519,0.6717776049266428,0.0,0.0
224,0.0,0.0,0.0,1.0,-3.7126485014137213e-25,0.0,0.0,0.0,249.85014862256202,-8.654963729818379,0.7192426211753322,0.6947590180745327,0.0,0.0
225,0.0,0.0,0.0,1.0,8.74952237213935e-25,0.0,0.0,0.0,249.89968636836375,7.0818018098668905,0.6970196676104568,0.7170520373552114,0.0,0.0
226,0.0,0.0,0.0,1.0,8.208076477821423e-25,0.0,0.0,0.0,248.9590287013353,22.79050661939126,0.6741060802401524,0.7386345739906225,0.0,0.0
227,0.0,0.0,0.0,1.0,6.54993834149431e-25,0.0,0.0,0.0,247.03190285667435,38.40890697340119,0.6505245627251308,0.7594852431761452,0.0,0.0
228,0.0,0.0,0.0,1.0,-1.5414397696155175e-26,0.0,0.0,0.0,244.12594482304127,53.87511696635283,0.6262984805368917,0.779583385269486,0.0,0.0
229,0.0,0.0,0.0,1.0,-1.1011935720038714e-24,0.0,0.0,0.0,240.25266908593485,69.12785372745992,0.6014518378063243,0.7989090862610377,0.0,0.0
230,0.0,0.0,0.0,1.0,6.443118965625448e-25,0.0,0.0,0.0,235.4274230030215,84.10668024620391,0.5760092535394868,0.8174431975054501,0.0,0.0
231,0.0,0.0,0.0,1.0,3.961598590851821e-24,0.0,0.0,0.0,229.66932599220246,98.75224484622223,0.5499959372241581,0.8351673546948366,0.0,0.0
232,0.0,0.0,0.0,1.0,-3.635569191053094e-24,0.0,0.0,0.0,223.00119377337597,113.00651635870393,0.5234376638513094,0.8520639960548354,0.0,0.0
233,0.0,0.0,0.0,1.0,8.28803442591544e-25,0.0,0.0,0.0,215.4494479640766,126.81301406344478,0.4963607483762536,0.8681163797454904,0.0,0.0
234,0.0,0.0,0.0,1.0,8.774722472223761e-26,0.0,0.0,0.0,207.04401138720877,140.11703148644767,0.4687920196447767,0.8833086004497084,0.0,0.0
235,0.0,0.0,0.0,1.0,1.0256335167129977e-24,0.0,0.0,0.0,197.81818950570556,152.86585316729685,0.44075879381009536,0.8976256051328533,0.0,0.0
236,0.0,0.0,0.0,1.0,9.368212632467569e-25,0.0,0.0,0.0,187.80853845390888,165.00896353740129,0.412288847266963,0.9110532079578721,0.0,0.0
237,0.0,0.0,0.0,1.0,-1.3087521991527053e-24,0.0,0.0,0.0,177.05472018857887,176.49824708145078,0.3834103891297444,0.92357810434117,0.0,0.0
238,0.0,0.0,0.0,1.0,2.494123977078028e-25,0.0,0.0,0.0,165.59934533348888,187.28817898895997,0.3541520332817582,0.9351878841352937,0.0,0.0
239,0.0,0.0,0.0,1.0,6.3940136779813685e-25,0.0,0.0,0.0,153.48780434029854,197.33600554048687,0.32454277002353593,0.945871043925387,0.0,0.0
240,0.0,0.0,0.0,1.0,-3.9045068331584937e-25,0.0,0.0,0.0,140.7680876347184,206.60191351375482,0.29461193734812163,0.9556169984272138,0.0,0.0
241,0.0,0.0,0.0,1.0,6.863994959605801e-25,0.0,0.0,0.0,127.49059546061095,215.04918793843333,0.2643891918718622,0.9644160909754641,0.0,0.0
242,0.0,0.0,0.0,1.0,4.252146728737637e-25,0.0,0.0,0.0,113.70793817550008,222.64435757449016,0.2339044794495024,0.9722596030919459,0.0,0.0
243,0.0,0.0,0.0,1.0,3.754348530423517e-25,0.0,0.0,0.0,99.4747277887823,229.35732753768394,0.20318800550267477,0.9791397631241906,0.0,0.0
244,0.0,0.0,0.0,1.0,6.911861052482435e-26,0.0,0.0,0.0,84.84736156865713,235.1614985466761,0.172270205091219,0.9850497539459011,0.0,0.0
245,0.0,0.0,0.0,1.0,-3.6652663007726427e-25,0.0,0.0,0.0,69.8837985751903,240.03387231926877,0.14118171275694774,0.9899837197116252,0.0,0.0
246,0.0,0.0,0.0,1.0,-3.007315546000182e-25,0.0,0.0,0.0,54.64333000498571,243.95514270014277,0.10995333216977679,0.993936771658949,0.0,0.0
247,0.0,0.0,0.0,1.0,9.020007331772383e-26,0.0,0.0,0.0,39.18634425743373,246.90977215901904,0.07861600560626787,0.9969049929524711,0.0,0.0
248,0.0,0.0,0.0,1.0,8.356240971959386e-26,0.0,0.0,0.0,23.574087653430123,248.88605335612758,0.04720078329082676,0.9988854425647534,0.0,0.0
249,0.0,0.0,0.0,1.0,3.59929058566867e-26,0.0,0.0,0.0,7.868421754699436,249.87615553103694,0.015738792629959104,0.9998761581904042,0.0,0.0
250,0.0,0.0,0.0,1.0,2.009325094520313e-26,0.0,0.0,0.0,-7.868421754699113,249.87615553103697,-0.01573879262995846,0.9998761581904042,0.0,0.0
251,0.0,0.0,0.0,1.0,-3.4013648785216393e-26,0.0,0.0,0.0,-23.574087653428922,248.8860533561277,-0.04720078329082435,0.9988854425647535,0.0,0.0
252,0.0,0.0,0.0,1.0,1.325336326440396e-25,0.0,0.0,0.0,-39.186344257433,246.90977215901918,-0.07861600560626639,0.9969049929524713,0.0,0.0
253,0.0,0.0,0.0,1.0,2.0369291538936455e-25,0.0,0.0,0.0,-54.64333000498544,243.95514270014286,-0.10995333216977624,0.9939367716589491,0.0,0.0
254,0.0,0.0,0.0,1.0,4.751989639050347e-27,0.0,0.0,0.0,-69.88379857518997,240.03387231926888,-0.1411817127569471,0.9899837197116254,0.0,0.0
255,0.0,0.0,0.0,1.0,4.1238730006937354e-25,0.0,0.0,0.0,-84.84736156865598,235.16149854667654,-0.1722702050912166,0.9850497539459016,0.0,0.0
256,0.0,0.0,0.0,1.0,4.919887147553665e-25,0.0,0.0,0.0,-99.47472778878245,229.35732753768391,-0.20318800550267507,0.9791397631241906,0.0,0.0
257,0.0,0.0,0.0,1.0,7.451573663506638e-25,0.0,0.0,0.0,-113.70793817549982,222.64435757449036,-0.2339044794495018,0.9722596030919461,0.0,0.0
258,0.0,0.0,0.0,1.0,-1.453292134467199e-25,0.0,0.0,0.0,-127.49059546060992,215.04918793843402,-0.2643891918718599,0.9644160909754648,0.0,0.0
259,0.0,0.0,0.0,1.0,1.0993544549845352e-25,0.0,0.0,0.0,-140.7680876347178,206.60191351375528,-0.29461193734812025,0.9556169984272141,0.0,0.0
260,0.0,0.0,0.0,1.0,1.0712901142586253e-24,0.0,0.0,0.0,-153.4878043402983,197.336005540487,-0.3245427700235354,0.9458710439253871,0.0,0.0
261,0.0,0.0,0.0,1.0,1.883311854492603e-25,0.0,0.0,0.0,-165.59934533348866,187.28817898896017,-0.35415203328175765,0.935187884135294,0.0,0.0
262,0.0,0.0,0.0,1.0,4.781283921984228e-25,0.0,0.0,0.0,-177.05472018857833,176.49824708145132,-0.38341038912974307,0.9235781043411705,0.0,0.0
263,0.0,0.0,0.0,1.0,2.9654954423689173e-25,0.0,0.0,0.0,-187.80853845390808,165.00896353740214,-0.41228884726696086,0.911053207957873,0.0,0.0
264,0.0,0.0,0.0,1.0,-5.050109961887933e-25,0.0,0.0,0.0,-197.81818950570533,152.8658531672971,-0.44075879381009475,0.8976256051328535,0.0,0.0
265,0.0,0.0,0.0,1.0,3.521993632658119e-24,0.0,0.0,0.0,-207.04401138720888,140.11703148644762,-0.46879201964477696,0.8833086004497083,0.0,0.0
266,0.0,0.0,0.0,1.0,-2.031939745386029e-24,0.0,0.0,0.0,-215.449447964076,126.81301406344582,-0.4963607483762515,0.8681163797454916,0.0,0.0
267,0.0,0.0,0.0,1.0,-2.2343921357514103e-24,0.0,0.0,0.0,-223.00119377337566,113.0065163587046,-0.5234376638513082,0.8520639960548363,0.0,0.0
268,0.0,0.0,0.0,1.0,-8.150763266948532e-26,0.0,0.0,0.0,-229.66932599220252,98.75224484622213,-0.5499959372241583,0.8351673546948365,0.0,0.0
269,0.0,0.0,0.0,1.0,7.700164040051587e-26,0.0,0.0,0.0,-235.4274230030211,84.10668024620504,-0.5760092535394848,0.8174431975054515,0.0,0.0
270,0.0,0.0,0.0,1.0,4.24561180460532e-24,0.0,0.0,0.0,-240.25266908593454,69.12785372746103,-0.6014518378063224,0.7989090862610391,0.0,0.0
271,0.0,0.0,0.0,1.0,-2.3872656393633302e-24,0.0,0.0,0.0,-244.12594482304135,53.87511696635267,-0.626298480536892,0.7795833852694858,0.0,0.0
272,0.0,0.0,0.0,1.0,-2.249299496218947e-24,0.0,0.0,0.0,-247.03190285667435,38.40890697340152,-0.6505245627251304,0.7594852431761456,0.0,0.0
273,0.0,0.0,0.0,1.0,-2.1379004260495806e-25,0.0,0.0,0.0,-248.9590287013352,22.79050661939243,-0.6741060802401506,0.738634573990624,0.0,0.0
274,0.0,0.0,0.0,1.0,3.1901112842260207e-27,0.0,0.0,0.0,-249.89968636836375,7.081801809867626,-0.6970196676104558,0.7170520373552124,0.0,0.0
275,0.0,0.0,0.0,1.0,-1.8110415250467936e-24,0.0,0.0,0.0,-249.850148622562,-8.654963729818101,-0.7192426211753318,0.694759018074533,0.0,0.0
276,0.0,0.0,0.0,1.0,1.308846497888227e-24,0.0,0.0,0.0,-248.81061175088576,-24.357435087274048,-0.7407529215805185,0.6717776049266433,0.0,0.0
277,0.0,0.0,0.0,1.0,-7.290044416435912e-25,0.0,0.0,0.0,-246.7851947846822,-39.96339323640135,-0.7615292555958232,0.6481305687766334,0.0,0.0
278,0.0,0.0,0.0,1.0,1.6472012745155954e-24,0.0,0.0,0.0,-243.7819231785573,-55.41100157229411,-0.7815510372330872,0.6238413400143795,0.0,0.0
279,0.0,0.0,0.0,1.0,1.0975394584961885e-24,0.0,0.0,0.0,-239.8126970105427,-70.6390509308445,-0.8007984281435718,0.5989339853388149,0.0,0.0
280,0.0,0.0,0.0,1.0,-7.136471553582331e-25,0.0,0.0,0.0,-234.89324382956482,-85.58720212219478,-0.8192523572745556,0.5734331839117223,0.0,0.0
281,0.0,0.0,0.0,1.0,2.1315576987702517e-24,0.0,0.0,0.0,-229.04305633705204,-100.19622501702743,-0.8368945397656634,0.5473642029046744,0.0,0.0
282,0.0,0.0,0.0,1.0,-1.2310944839994695e-24,0.0,0.0,0.0,-222.28531514960892,-114.40823323834626,-0.8537074950662078,0.5207528724633516,0.0,0.0
283,0.0,0.0,0.0,1.0,-1.4330365837279199e-24,0.0,0.0,0.0,-214.64679694879965,-128.16691352881034,-0.8696745642555884,0.4936255601140437,0.0,0.0
284,0.0,0.0,0.0,1.0,1.1322879103627552e-24,0.0,0.0,0.0,-206.15776838198664,-141.41774888478437,-0.8847799265495888,0.46600914463769394,0.0,0.0
285,0.0,0.0,0.0,1.0,-9.183925840387162e-25,0.0,0.0,0.0,-196.8518661346271,-154.10823457296382,-0.8990086149762163,0.4379309894373726,0.0,0.0
286,0.0,0.0,0.0,1.0,-1.0487414705095379e-24,0.0,0.0,0.0,-186.76596364922705,-166.18808617363757,-0.9123465312055515,0.4094189154255682,0.0,0.0
287,0.0,0.0,0.0,1.0,5.178700001394543e-25,0.0,0.0,0.0,-175.94002501906039,-177.60943882624366,-0.9247804595189145,0.38050117345815926,0.0,0.0
288,0.0,0.0,0.0,1.0,8.076488236547871e-25,0.0,0.0,0.0,-164.416946635585,-188.32703688772892,-0.9362980799035024,0.3512064163423921,0.0,0.0
289,0.0,0.0,0.0,1.0,2.2290986088578855e-25,0.0,0.0,0.0,-152.24238721699422,-198.2984132522285,-0.9468879802595367,0.32156367044656387,0.0,0.0
290,0.0,0.0,0.0,1.0,1.1688914303651246e-24,0.0,0.0,0.0,-139.46458689141582,-207.48405762151347,-0.9565396677078034,0.2916023069395993,0.0,0.0
291,0.0,0.0,0.0,1.0,-1.1163925481915118e-24,0.0,0.0,0.0,-126.13417605160015,-215.8475730594735,-0.9652435789864001,0.26135201268897124,0.0,0.0
292,0.0,0.0,0.0,1.0,2.5849102902687564e-25,0.0,0.0,0.0,-112.30397473848436,-223.3558202103063,-0.972991089926388,0.2308427608457984,0.0,0.0
293,0.0,0.0,0.0,1.0,-5.609877830197344e-25,0.0,0.0,0.0,-98.02878334857056,-229.9790486089544,-0.9797745239969433,0.2001047811463139,0.0,0.0
294,0.0,0.0,0.0,1.0,4.77783430226109e-25,0.0,0.0,0.0,-83.3651654943923,-235.69101456350302,-0.9855871599115597,0.16916852995908227,0.0,0.0
295,0.0,0.0,0.0,1.0,2.317881931062959e-25,0.0,0.0,0.0,-68.37122387846073,-240.46908514244026,-0.9904232382877579,0.13806466010765492,0.0,0.0
296,0.0,0.0,0.0,1.0,2.777565832170767e-25,0.0,0.0,0.0,-53.106370068767205,-244.29432785474148,-0.9942779673537029,0.10682399049857558,0.0,0.0
297,0.0,0.0,0.0,1.0,-9.876821842266018e-26,0.0,0.0,0.0,-37.631089088083144,-247.15158566743116,-0.997147527696073,0.0754774755848428,0.0,0.0
298,0.0,0.0,0.0,1.0,-1.334785926262202e-26,0.0,0.0,0.0,-22.00669974981633,-249.0295370633818,-0.9990290760444822,0.04405617469503279,0.0,0.0
299,0.0,0.0,0.0,1.0,-4.7366977441709587e-26,0.0,0.0,0.0,-6.2951116900925985,-249.9207409013707,-0.9999207480887021,0.012591221258535581,0.0,0.0
300,0.0,0.0,0.0,1.0,-3.8683265205988206e-26,0.0,0.0,0.0,9.441419941227238,-249.82166590064645,-0.9998216603258909,-0.018886208042642058,0.0,0.0
301,0.0,0.0,0.0,1.0,2.31925468994014e-25,0.0,0.0,0.0,25.140541158583538,-248.73270463317522,-0.9987319109360023,-0.050344924164928695,0.0,0.0
302,0.0,0.0,0.0,1.0,-1.4583482326090242e-25,0.0,0.0,0.0,40.740046210377294,-246.65817196812498,-0.9966525796845048,-0.08175375660648765,0.0,0.0
303,0.0,0.0,0.0,1.0,3.050428997761774e-25,0.0,0.0,0.0,56.17812406127194,-243.6062879747506,-0.9935857268525095,-0.11308158429214529,0.0,0.0
304,0.0,0.0,0.0,1.0,-1.6678151632956492e-25,0.0,0.0,0.0,71.39360331048258,-239.589145351425,-0.9895343911953632,-0.14429736640934548,0.0,0.0
305,0.0,0.0,0.0,1.0,8.217882146924342e-25,0.0,0.0,0.0,86.32619457559609,-234.62266150987446,-0.9845025869317343,-0.17537017316457787,0.0,0.0
306,0.0,0.0,0.0,1.0,-6.8049858351905475e-25,0.0,0.0,0.0,100.916729381502,-228.7265155044808,-0.9784952997661714,-0.20626921642979454,0.0,0.0
307,0.0,0.0,0.0,1.0,6.283356028556407e-26,0.0,0.0,0.0,115.10739460788433,-221.92407005655244,-0.9715184819490739,-0.23696388024848467,0.0,0.0
308,0.0,0.0,0.0,1.0,5.312022183419584e-25,0.0,0.0,0.0,128.84196156627863,-214.24227898254435,-0.963579046378976,-0.2674237511711224,0.0,0.0
309,0.0,0.0,0.0,1.0,-1.6007351217231302e-25,0.0,0.0,0.0,142.06600879902953,-205.7115803930223,-0.9546848597529828,-0.29761864838998026,0.0,0.0
310,0.0,0.0,0.0,1.0,-1.2378273822967152e-24,0.0,0.0,0.0,154.7271377173303,-196.365776085557,-0.9448447347721433,-0.32751865364343663,0.0,0.0
311,0.0,0.0,0.0,1.0,-4.941300415472466e-25,0.0,0.0,0.0,166.7751802239025,-186.24189760944137,-0.9340684214094866,-0.3570941408601389,0.0,0.0
312,0.0,0.0,0.0,1.0,9.199829952232237e-25,0.0,0.0,0.0,178.1623974976315,-175.38005953293762,-0.9223665972493815,-0.38631580551363465,0.0,0.0
313,0.0,0.0,0.0,1.0,-5.187517791853918e-26,0.0,0.0,0.0,188.84366915252096,-163.82330049444738,-0.9097508569077701,-0.41515469365843494,0.0,0.0
314,0.0,0.0,0.0,1.0,-2.4429175782251254e-26,0.0,0.0,0.0,198.77667202142672,-151.61741266743385,-0.8962337005437783,-0.4435822306186938,0.0,0.0
315,0.0,0.0,0.0,1.0,3.2177557643388412e-25,0.0,0.0,0.0,207.9220478561662,-138.81076031482183,-0.881828521474085,-0.4715702493010773,0.0,0.0
316,0.0,0.0,0.0,1.0,3.481392990355458e-24,0.0,0.0,0.0,216.2435592795276,-125.45408815181048,-0.8665495929023035,-0.4990910181038156,0.0,0.0
317,0.0,0.0,0.0,1.0,1.0944518245985746e-24,0.0,0.0,0.0,223.70823337122056,-111.60032027645946,-0.8504120537765476,-0.5261172683942292,0.0,0.0
318,0.0,0.0,0.0,1.0,8.166004438487047e-25,0.0,0.0,0.0,230.28649231883844,-97.30435046474732,-0.8334318937891814,-0.5526222215275367,0.0,0.0
319,0.0,0.0,0.0,1.0,-1.9943844792582666e-24,0.0,0.0,0.0,235.95227061614148,-82.62282466103373,-0.8156259375336183,-0.5785796153801628,0.0,0.0
320,0.0,0.0,0.0,1.0,1.521070116248128e-24,0.0,0.0,0.0,240.68311834427786,-67.61391652577998,-0.7970118278338699,-0.6039637303712574,0.0,0.0
321,0.0,0.0,0.0,1.0,2.1355360954945177e-25,0.0,0.0,0.0,244.46029012670343,-52.337096929890706,-0.7776080082633585,-0.6287494149466412,0.0,0.0
322,0.0,0.0,0.0,1.0,-1.5255309154992145e-24,0.0,0.0,0.0,247.2688194053294,-36.85289830902562,-0.7574337048703187,-0.6529121104999308,0.0,0.0
323,0.0,0.0,0.0,1.0,2.329882859117383e-25,0.0,0.0,0.0,249.0975777435863,-21.222674811596583,-0.7365089071278901,-0.676427875706148,0.0,0.0
324,0.0,0.0,0.0,1.0,3.375414926563985e-24,0.0,0.0,0.0,249.93931892142444,-5.508359190838453,-0.7148543481277865,-0.6992734102436962,0.0,0.0
325,0.0,0.0,0.0,1.0,5.3647349024783635e-24,0.0,0.0,0.0,249.7907076475309,10.227782595780345,-0.692491484037143,-0.7214260778812244,0.0,0.0
326,0.0,0.0,0.0,1.0,2.1292295822541465e-24,0.0,0.0,0.0,248.65233277499237,25.923398107409735,-0.6694424728389332,-0.7428639289064622,0.0,0.0
327,0.0,0.0,0.0,1.0,-4.5465498060745364e-24,0.0,0.0,0.0,246.52870496804087,41.51629548335756,-0.6457301523769894,-0.7635657218748371,0.0,0.0
328,0.0,0.0,0.0,1.0,-3.1668398012341464e-24,0.0,0.0,0.0,243.42823882912597,56.94468987035431,-0.6213780177273865,-0.7835109446563174,0.0,0.0
329,0.0,0.0,0.0,1.0,-3.2826578937863793e-24,0.0,0.0,0.0,239.36321955713214,72.14744823709965,-0.5964101979186183,-0.8026798347596168,0.0,0.0
330,0.0,0.0,0.0,1.0,-2.1834102276576126e-24,0.0,0.0,0.0,234.34975426885828,87.06433160604014,-0.5708514320236433,-0.8210533989136193,0.0,0.0
331,0.0,0.0,0.0,1.0,-1.912662861281196e-24,0.0,0.0,0.0,228.40770817663443,101.63623374258903,-0.5447270446474513,-0.8386134318866498,0.0,0.0
332,0.0,0.0,0.0,1.0,-2.151411574940603e-24,0.0,0.0,0.0,221.56062587496794,115.80541535598971,-0.5180629208344724,-0.8553425345249156,0.0,0.0
333,0.0,0.0,0.0,1.0,2.716355990380118e-24,0.0,0.0,0.0,213.83563804811516,129.51573288383258,-0.49088548042069746,-0.8712241309922448,0.0,0.0
334,0.0,0.0,0.0,1.0,-3.897901961176602e-24,0.0,0.0,0.0,205.2633539682261,142.71286095371886,-0.46322165185587577,-0.886242485194072,0.0,0.0
335,0.0,0.0,0.0,1.0,1.043054408338841e-24,0.0,0.0,0.0,195.87774021003628,155.3445076405675,-0.43509884552178346,-0.9003827163693572,0.0,0.0
336,0.0,0.0,0.0,1.0,4.785872023742336e-25,0.0,0.0,0.0,185.7159860626759,167.36062166665366,-0.4065449265729637,-0.9136308138350165,0.0,0.0
337,0.0,0.0,0.0,1.0,3.0867850192665334e-25,0.0,0.0,0.0,174.8183561718885,178.71359072336813,-0.37758818732686444,-0.9259736508682436,0.0,0.0
338,0.0,0.0,0.0,1.0,-2.3757477286092706e-25,0.0,0.0,0.0,163.22803099654305,189.35843012887597,-0.34825731923072567,-0.9373989977129694,0.0,0.0
339,0.0,0.0,0.0,1.0,1.4014427731783503e-24,0.0,0.0,0.0,150.9909357116111,199.2529610741404,-0.318581384432993,-0.947895533697574,0.0,0.0
340,0.0,0.0,0.0,1.0,-7.421705444226836e-25,0.0,0.0,0.0,138.1555582355596,208.35797775103714,-0.2885897869874277,-0.9574528584518416,0.0,0.0
341,0.0,0.0,0.0,1.0,6.02438512907116e-26,0.0,0.0,0.0,124.77275710320065,216.63740270033352,-0.25831224371844247,-0.966061502212046,0.0,0.0
342,0.0,0.0,0.0,1.0,-4.1299133445174628e-25,0.0,0.0,0.0,110.89555994527952,224.0584297639875,-0.22777875477653325,-0.9737129352039557,0.0,0.0
343,0.0,0.0,0.0,1.0,-3.4810883029692024e-25,0.0,0.0,0.0,96.57895337329776,230.5916540753355,-0.19701957391297967,-0.9803995760944612,0.0,0.0
344,0.0,0.0,0.0,1.0,6.064318089739714e-25,0.0,0.0,0.0,81.87966510212729,236.2111885721002,-0.16606517850326882,-0.9861147995034495,0.0,0.0
345,0.0,0.0,0.0,1.0,-2.4021041994120035e-25,0.0,0.0,0.0,66.85593917372464,240.89476657055056,-0.13494623934894148,-0.990852942568487,0.0,0.0
346,0.0,0.0,0.0,1.0,-1.662130710567809e-26,0.0,0.0,0.0,51.567305172599276,244.62382999437492,-0.10369359028779505,-0.9946093105557972,0.0,0.0
347,0.0,0.0,0.0,1.0,5.505193330159062e-26,0.0,0.0,0.0,36.07434234747183,247.38360290867746,-0.07233819764251748,-0.9973801815119866,0.0,0.0
348,0.0,0.0,0.0,1.0,-1.6290295048450476e-26,0.0,0.0,0.0,20.438439573788806,249.1631500677205,-0.0409111295380838,-0.9991628099518963,0.0,0.0
349,0.0,0.0,0.0,1.0,4.6888280362643045e-28,0.0,0.0,0.0,4.721552108186922,249.95542024443174,-0.009443525118264757,-0.9999554295789347,0.0,0.0
350,0.0,0.0,0.0,1.0,3.254128747389558e-26,0.0,0.0,0.0,-11.014043901257818,249.75727416998689,0.022033436308237,-0.9997572550351921,0.0,0.0
351,0.0,0.0,0.0,1.0,-1.443011702316061e-25,0.0,0.0,0.0,-26.705998176269876,248.56949697275786,0.05348856616144337,-0.9985684826796027,0.0,0.0
352,0.0,0.0,0.0,1.0,-9.317591919884152e-26,0.0,0.0,0.0,-42.292133363336255,246.3967950673437,0.08489069749292537,-0.9963902903933858,0.0,0.0
353,0.0,0.0,0.0,1.0,3.7616078015542174e-25,0.0,0.0,0.0,-57.710691403492305,243.24777750600657,0.11620871586722613,-0.9932248364129551,0.0,0.0
354,0.0,0.0,0.0,1.0,-1.3142082168263386e-25,0.0,0.0,0.0,-72.90057824069885,239.13492186640693,0.14741159019123645,-0.9890752571914546,0.0,0.0
355,0.0,0.0,0.0,1.0,8.06545620614923e-27,0.0,0.0,0.0,-87.80160589918508,234.07452481080676,0.17846840346097523,-0.9839456642910429,0.0,0.0
356,0.0,0.0,0.0,1.0,-1.1320092332138926e-25,0.0,0.0,0.0,-102.35473097058147,228.08663751263617,0.20934838339536008,-0.9778411403089974,0.0,0.0
357,0.0,0.0,0.0,1.0,-4.267068981187081e-25,0.0,0.0,0.0,-116.5022885658381,221.1949862062949,0.24002093292655394,-0.9707677338416836,0.0,0.0
358,0.0,0.0,0.0,1.0,6.164904603363607e-25,0.0,0.0,0.0,-130.1882208049426,213.42687817499535,0.27045566051671466,-0.962732453491373,0.0,0.0
359,0.0,0.0,0.0,1.0,3.8102985929069e-25,0.0,0.0,0.0,-143.35829893907007,204.81309354916016,0.30062241027109576,-0.9537432609218521,0.0,0.0
360,0.0,0.0,0.0,1.0,1.5169788932883528e-26,0.0,0.0,0.0,-155.96033822503676,195.38776334410744,0.33049129181766423,-0.9438090629696998,0.0,0.0
361,0.0,0.0,0.0,1.0,-2.462975894027872e-26,0.0,0.0,0.0,-167.94440470063918,185.18823422028936,0.36003270992361913,-0.9329397028190548,0.0,0.0
362,0.0,0.0,0.0,1.0,1.5110091767679761e-25,0.0,0.0,0.0,-179.2630130415732,174.25492050194038,0.3892173938194989,-0.9211459502486066,0.0,0.0
363,0.0,0.0,0.0,1.0,-1.7131582895498937e-24,0.0,0.0,0.0,-189.87131471592707,162.63114404051325,0.41801642620176693,-0.9084394909604898,0.0,0.0
364,0.0,0.0,0.0,1.0,-1.1501629277466933e-24,0.0,0.0,0.0,-199.72727569072967,150.36296255740663,0.44640127188518475,-0.8948329150016446,0.0,0.0
365,0.0,0.0,0.0,1.0,-2.0398391349098327e-24,0.0,0.0,0.0,-208.7918429864127,137.49898714615318,0.4743438060765816,-0.8803397042891077,0.0,0.0
366,0.0,0.0,0.0,1.0,1.40068097072168e-24,0.0,0.0,0.0,-217.0290994192215,124.0901896572105,0.5018163422419633,-0.8649742192516191,0.0,0.0
367,0.0,0.0,0.0,1.0,-4.602625833398112e-24,0.0,0.0,0.0,-224.4064059184441,110.18970072854948,0.5287916595393931,-0.8487516846007587,0.0,0.0
368,0.0,0.0,0.0,1.0,3.584924508526631e-24,0.0,0.0,0.0,-230.89453085453863,95.8525992623221,0.5552430297904516,-0.831688174245715,0.0,0.0
369,0.0,0.0,0.0,1.0,3.1310516710779716e-24,0.0,0.0,0.0,-236.46776586571121,81.13569418178402,0.5811442439635418,-0.8138005953666381,0.0,0.0
370,0.0,0.0,0.0,1.0,-2.36188846727488e-25,0.0,0.0,0.0,-241.1040277239949,66.09729933323976,0.6064696381427889,-0.7951066716623663,0.0,0.0
371,0.0,0.0,0.0,1.0,1.157921466354203e-24,0.0,0.0,0.0,-244.78494583720777,50.797002424907554,0.6311941189568467,-0.7756249257890964,0.0,0.0
372,0.0,0.0,0.0,1.0,-2.7766087927324977e-25,0.0,0.0,0.0,-247.4959350400634,35.29542891828251,0.6552931884423644,-0.7553746610074308,0.0,0.0
373,0.0,0.0,0.0,1.0,-6.761311995794921e-25,0.0,0.0,0.0,-249.2262533860155,19.65400180753075,0.6787429683175096,-0.7343759420559658,0.0,0.0
374,0.0,0.0,0.0,1.0,-6.159924671788676e-25,0.0,0.0,0.0,-249.96904471084147,3.934698238763367,0.7015202236414848,-0.7126495752703795,0.0,0.0
375,0.0,0.0,0.0,1.0,7.190536930496854e-25,0.0,0.0,0.0,-249.72136579931296,-11.800196066445139,0.7236023858365974,-0.690217087967717,0.0,0.0
376,0.0,0.0,0.0,1.0,-9.284750503413454e-25,0.0,0.0,0.0,-248.48419804730747,-27.488333610229517,0.7449675750500722,-0.6671007071162991,0.0,0.0
377,0.0,0.0,0.0,1.0,-1.0383489186224725e-25,0.0,0.0,0.0,-246.26244357315412,-43.067552162386654,0.7655946218334474,-0.6433233373123906,0.0,0.0
378,0.0,0.0,0.0,1.0,4.0972615346969846e-24,0.0,0.0,0.0,-243.0649057936185,-58.47612107022955,0.7854630881180765,-0.6189085380854474,0.0,0.0
379,0.0,0.0,0.0,1.0,4.543703709394766e-24,0.0,0.0,0.0,-238.90425454149516,-73.65298585837019,0.8045532874659495,-0.5938805005544333,0.0,0.0
380,0.0,0.0,0.0,1.0,-8.091193462036198e-25,0.0,0.0,0.0,-233.7969758630217,-88.53801014923745,0.8228463045757703,-0.5682640234583302,0.0,0.0
381,0.0,0.0,0.0,1.0,-4.7584316916013317e-26,0.0,0.0,0.0,-227.76330669403794,-103.07221394574984,0.8403240140249632,-0.5420844885845977,0.0,0.0
382,0.0,0.0,0.0,1.0,2.408995757823363e-24,0.0,0.0,0.0,-220.82715467372668,-117.19800733197981,0.8569690982290357,-0.5153678356199236,0.0,0.0
383,0.0,0.0,0.0,1.0,1.68370717020086e-24,0.0,0.0,0.0,-213.01600341366554,-130.8594186657958,0.8727650646005021,-0.48814053644819594,0.0,0.0
384,0.0,0.0,0.0,1.0,2.8032154362462367e-24,0.0,0.0,0.0,-204.36080359754118,-144.0023163593141,0.8876962618903806,-0.46042956892112785,0.0,0.0
385,0.0,0.0,0.0,1.0,-1.8910075427595906e-24,0.0,0.0,0.0,-194.89585034304653,-156.574623368353,0.9017478956960383,-0.43226239012759105,0.0,0.0
386,0.0,0.0,0.0,1.0,-9.766566043319565e-25,0.0,0.0,0.0,-184.65864731187662,-168.5265235410401,0.9149060431200614,-0.40366690918806236,0.0,0.0
387,0.0,0.0,0.0,1.0,4.412547880823201e-25,0.0,0.0,0.0,-173.68975810628547,-179.81065900791543,0.9271576665655946,-0.37467145960119874,0.0,0.0
388,0.0,0.0,0.0,1.0,-1.5920003690051623e-24,0.0,0.0,0.0,-162.03264554102694,-190.38231783140142,0.9384906266544863,-0.3453047711699343,0.0,0.0
389,0.0,0.0,0.0,1.0,2.22425818390695e-27,0.0,0.0,0.0,-149.73349942752705,-200.19961117111984,0.9488936942554563,-0.3155959415348742,0.0,0.0
390,0.0,0.0,0.0,1.0,7.536955425756125e-25,0.0,0.0,0.0,-136.84105355269176,-209.22363926303873,0.9583565616103462,-0.28557440734324535,0.0,0.0
391,0.0,0.0,0.0,1.0,1.482582533209771e-24,0.0,0.0,0.0,-123.4063925775342,-217.41864555479208,0.966869852547442,-0.2552699150819363,0.0,0.0
392,0.0,0.0,0.0,1.0,7.113187564901461e-25,0.0,0.0,0.0,-109.48274962076636,-224.75215838642657,0.9744251317717443,-0.2247124916035374,0.0,0.0
393,0.0,0.0,0.0,1.0,-1.2113170392502364e-25,0.0,0.0,0.0,-95.12529532940273,-231.19511965518367,0.9810149132229823,-0.19393241437458458,0.0,0.0
394,0.0,0.0,0.0,1.0,-1.0852610635529335e-24,0.0,0.0,0.0,-80.39091927215726,-236.72199995449995,0.9866326674930889,-0.16296018147548483,0.0,0.0
395,0.0,0.0,0.0,1.0,2.941665747312297e-25,0.0,0.0,0.0,-65.33800452183338,-241.310899731002,0.9912728282957888,-0.13182648138184888,0.0,0.0
396,0.0,0.0,0.0,1.0,5.810765281834404e-27,0.0,0.0,0.0,-50.02619631989612,-244.9436360586737,0.9949307979818875,-0.10056216255717339,0.0,0.0
397,0.0,0.0,0.0,1.0,-3.9445806562394188e-25,0.0,0.0,0.0,-34.516165739863204,-247.60581468636616,0.9976029520948003,-0.06919820288700067,0.0,0.0
398,0.0,0.0,0.0,1.0,1.7543460083249362e-25,0.0,0.0,0.0,-18.869369285967917,-249.28688707316834,0.9992866429618006,-0.03776567898484226,0.0,0.0
399,0.0,0.0,0.0,1.0,-3.0112166079714976e-26,0.0,0.0,0.0,-3.1478053796540824,-249.98019218564625,0.9999802023174363,-0.006295735400279159,0.0,0.0
400,0.0,0.0,0.0,1.0,-1.6182080127231288e-25,0.0,0.0,0.0,12.58623130120672,-249.68298289133227,0.999682942956512,0.025180446240252223,0.0,0.0
401,0.0,0.0,0.0,1.0,8.377414421694206e-26,0.0,0.0,0.0,28.270396656975464,-248.3964368438848,0.9983951594149973,0.056631678129410126,0.0,0.0
402,0.0,0.0,0.0,1.0,2.5630278152142372e-26,0.0,0.0,0.0,43.84254419673395,-246.1256518167869,0.9961181276781896,0.088026797181023,0.0,0.0
403,0.0,0.0,0.0,1.0,7.164840151457457e-26,0.0,0.0,0.0,59.240971285774464,-242.87962550407318,0.9928541039164186,0.1193346959076716,0.0,0.0
404,0.0,0.0,0.0,1.0,-4.7061869641873e-25,0.0,0.0,0.0,74.4046636343619,-238.67121986812379,0.9886063222495474,0.15052435324317265,0.0,0.0
405,0.0,0.0,0.0,1.0,1.8891764912789342e-25,0.0,0.0,0.0,89.27353705902584,-233.51711017578887,0.9833789915424804,0.18156486527945082,0.0,0.0
406,0.0,0.0,0.0,1.0,3.4015748765688155e-25,0.0,0.0,0.0,103.7886755584172,-227.43771892478702,0.9771772912348619,0.2124254758873074,0.0,0.0
407,0.0,0.0,0.0,1.0,-3.7817470023842465e-25,0.0,0.0,0.0,117.89256476040059,-220.45713492217837,0.9700073662090843,0.24307560719077997,0.0,0.0
408,0.0,0.0,0.0,1.0,3.8031175687730546e-25,0.0,0.0,0.0,131.52931981536278,-212.60301783556318,0.9618763207017076,0.27348488986486397,0.0,0.0
409,0.0,0.0,0.0,1.0,-1.0774909274337266e-24,0.0,0.0,0.0,144.64490683275622,-203.90648859519908,0.952792211264306,0.30362319322661274,0.0,0.0
410,0.0,0.0,0.0,1.0,-6.057153039598424e-25,0.0,0.0,0.0,157.18735698344668,-194.40200608131414,0.9427640387807312,0.33346065508976486,0.0,0.0
411,0.0,0.0,0.0,1.0,-1.3056562556457152e-24,0.0,0.0,0.0,169.10697241952894,-184.1272305852165,0.9318017395486878,0.3629677113533524,0.0,0.0
412,0.0,0.0,0.0,1.0,2.519433980217555e-24,0.0,0.0,0.0,180.3565231956642,-173.12287458522812,0.9199161754344706,0.39211512529494114,0.0,0.0
413,0.0,0.0,0.0,1.0,4.838848609116927e-25,0.0,0.0,0.0,190.8914344116712,-161.4325414287201,0.907119123110613,0.4208740165394908,0.0,0.0
414,0.0,0.0,0.0,1.0,-8.60046767712361e-25,0.0,0.0,0.0,200.6699628348456,-149.10255255944645,0.8934232623871062,0.44921588967514386,0.0,0.0
415,0.0,0.0,0.0,1.0,1.2794411960432403e-24,0.0,0.0,0.0,209.65336230216144,-136.18176397476802,0.8788421636477525,0.47711266248758055,0.0,0.0
416,0.0,0.0,0.0,1.0,-2.1998489105249184e-24,0.0,0.0,0.0,217.80603724695771,-122.7213726400486,0.8633902744041214,0.5045366937849288,0.0,0.0
417,0.0,0.0,0.0,1.0,-3.0830318951961115e-24,0.0,0.0,0.0,225.09568374180728,-108.77471362724462,0.8470829049803897,0.531460810785739,0.0,0.0
418,0.0,0.0,0.0,1.0,1.7686112758389414e-24,0.0,0.0,0.0,231.4934174986778,-94.39704878153596,0.8299362133432897,0.55785833604281,0.0,0.0
419,0.0,0.0,0.0,1.0,-1.177507969323986e-24,0.0,0.0,0.0,236.97388831921228,-79.64534775336402,0.811967189092179,0.5837031138762209,0.0,0.0
420,0.0,0.0,0.0,1.0,-8.154753915310435e-27,0.0,0.0,0.0,241.51538054163723,-64.57806226350381,0.7931936366250891,0.6089695362893921,0.0,0.0
421,0.0,0.0,0.0,1.0,3.9992900958897446e-24,0.0,0.0,0.0,245.0998990862809,-49.25489449563094,0.7736341574974492,0.6336325683424607,0.0,0.0
422,0.0,0.0,0.0,1.0,3.613819292675172e-24,0.0,0.0,0.0,247.71324075876726,-33.73656053408258,0.7533081319909477,0.6576677729578666,0.0,0.0
423,0.0,0.0,0.0,1.0,-2.0280834574465664e-24,0.0,0.0,0.0,249.34505052834805,-18.08454978417575,0.7322356999108123,0.6810513351335373,0.0,0.0
424,0.0,0.0,0.0,1.0,1.7757612381928445e-24,0.0,0.0,0.0,249.98886255838346,-2.360881328331567,0.7104377406305135,0.7037600855397117,0.0,0.0
425,0.0,0.0,0.0,1.0,-3.2943395476176225e-24,0.0,0.0,0.0,249.64212582638845,13.37214181656922,0.6879358524036866,0.7257715234759932,0.0,0.0
426,0.0,0.0,0.0,1.0,-1.990994534794433e-24,0.0,0.0,0.0,248.30621423213256,29.052179566894715,0.6647523309637476,0.7470638391659145,0.0,0.0
427,0.0,0.0,0.0,1.0,-1.5999102413191461e-24,0.0,0.0,0.0,245.986421153738,44.617101786833075,0.6409101474324298,0.7676159353668944,0.0,0.0
428,0.0,0.0,0.0,1.0,-1.1286388998895098e-24,0.0,0.0,0.0,242.69193847334915,60.00523447107674,0.6164329255591166,0.7874074482741954,0.0,0.0
429,0.0,0.0,0.0,1.0,8.571987247720066e-25,0.0,0.0,0.0,238.43582015547904,75.155604120151,0.5913449183135193,0.8064187676981659,0.0,0.0
430,0.0,0.0,0.0,1.0,-3.941741712006644e-24,0.0,0.0,0.0,233.23493052235239,90.00817934007036,0.5656709838549118,0.824631056494762,0.0,0.0
431,0.0,0.0,0.0,1.0,7.523365206322805e-25,0.0,0.0,0.0,227.10987743119517,104.50410870902788,0.5394365609017141,0.8420262692301128,0.0,0.0
432,0.0,0.0,0.0,1.0,-4.71133141755892e-24,0.0,0.0,0.0,220.0849306182455,118.58595396859974,0.5126676435258273,0.858587170060633,0.0,0.0
433,0.0,0.0,0.0,1.0,4.099527761328501e-24,0.0,0.0,0.0,212.18792553304175,132.1979176154644,0.4853907553967166,0.874297349810953,0.0,0.0
434,0.0,0.0,0.0,1.0,3.118277125777454e-24,0.0,0.0,0.0,203.4501530440279,145.28606399184477,0.45763292350074025,0.8891412422327606,0.0,0.0
435,0.0,0.0,0.0,1.0,-1.0506390940797864e-24,0.0,0.0,0.0,193.9062354525079,157.7985329986225,0.4294216513617807,0.9031041394284339,0.0,0.0
436,0.0,0.0,0.0,1.0,-1.49948991861025e-25,0.0,0.0,0.0,183.59398930622106,169.68574558432417,0.40078489178969223,0.916172206424194,0.0,0.0
437,0.0,0.0,0.0,1.0,-9.979884644682228e-25,0.0,0.0,0.0,172.55427555612783,180.90060019574477,0.37175101918358466,0.9283324948783259,0.0,0.0
438,0.0,0.0,0.0,1.0,9.46507813964118e-25,0.0,0.0,0.0,160.83083765014257,191.3986594118002,0.3423488014173893,0.9395729559108904,0.0,0.0
439,0.0,0.0,0.0,1.0,5.297402049868496e-25,0.0,0.0,0.0,148.47012820533644,201.1383260211036,0.31260737133553984,0.9498824520422171,0.0,0.0
440,0.0,0.0,0.0,1.0,4.856517425670829e-25,0.0,0.0,0.0,135.5211249454084,210.08100784557325,0.282556197887034,0.9592507682283473,0.0,0.0
441,0.0,0.0,0.0,1.0,-8.513826193534912e-25,0.0,0.0,0.0,122.03513663274784,218.19127065697967,0.2522250569264754,0.967668621982488,0.0,0.0
442,0.0,0.0,0.0,1.0,-3.6462261960121875e-25,0.0,0.0,0.0,108.06559976404901,225.4369785805274,0.22164400171100557,0.97512767257246,0.0,0.0
443,0.0,0.0,0.0,1.0,5.322378034707024e-25,0.0,0.0,0.0,93.66786683505912,231.78942142912916,0.19084333312239307,0.9816205292850116,0.0,0.0
444,0.0,0.0,0.0,1.0,-4.2946015428084795e-25,0.0,0.0,0.0,78.89898701341909,237.22342846383685,0.15985356964374983,0.9871407587488229,0.0,0.0
445,0.0,0.0,0.0,1.0,-2.6735757056026787e-25,0.0,0.0,0.0,63.817480088667395,241.7174681296603,0.12870541712065686,0.9916828913089349,0.0,0.0
446,0.0,0.0,0.0,1.0,-2.4023601996681624e-25,0.0,0.0,0.0,48.48310459508998,245.25373337158874,0.09742973833663543,0.9952424264462933,0.0,0.0
447,0.0,0.0,0.0,1.0,-1.3360229944460121e-25,0.0,0.0,0.0,32.956621026198476,247.81821219276105,0.06605752243310926,0.9978158372370377,0.0,0.0
448,0.0,0.0,0.0,1.0,-5.139093039129503e-26,0.0,0.0,0.0,17.29955107908153,249.40074317520194,0.03461985420418248,0.9994005738471098,0.0,0.0
449,0.0,0.0,0.0,1.0,-6.002236926189937e-28,0.0,0.0,0.0,1.5739338825794487,249.99505574313676,0.0031478832966302284,0.9999950660587291,0.0,0.0
450,0.0,0.0,0.0,1.0,-3.442115452681616e-26,0.0,0.0,0.0,-14.157919824790659,249.59879500934213,-0.028327206654354297,0.9995987248262237,0.0,0.0
451,0.0,0.0,0.0,1.0,-2.1152431995844296e-25,0.0,0.0,0.0,-29.833674593147357,248.2135311060841,-0.059774228923128184,0.9982119428596797,0.0,0.0
452,0.0,0.0,0.0,1.0,9.968181546534842e-26,0.0,0.0,0.0,-45.39121725744126,245.84475296367128,-0.09116202459456584,0.9958360942358291,0.0,0.0
453,0.0,0.0,0.0,1.0,2.1039209315778746e-25,0.0,0.0,0.0,-60.768903052908094,242.50184656127274,-0.12245949343753393,0.9924735330365609,0.0,0.0
454,0.0,0.0,0.0,1.0,-1.2234821513836857e-25,0.0,0.0,0.0,-75.90579987452635,238.19805773618128,-0.1536356247201811,0.9881275910164086,0.0,0.0
455,0.0,0.0,0.0,1.0,-4.7334097141551775e-25,0.0,0.0,0.0,-90.74192971266005,232.95043969888417,-0.18465952793656396,0.9828025743013175,0.0,0.0
456,0.0,0.0,0.0,1.0,-1.7710404341444467e-25,0.0,0.0,0.0,-105.21850630821542,226.77978546190755,-0.21550046341413714,0.9765037591219724,0.0,0.0
457,0.0,0.0,0.0,1.0,-1.7609145451641516e-25,0.0,0.0,0.0,-119.27816808564789,219.71054545017338,-0.24612787277180992,0.9692373865859049,0.0,0.0
458,0.0,0.0,0.0,1.0,8.355572680149789e-26,0.0,0.0,0.0,-132.86520544083405,211.77073061933217,-0.27651140919835265,0.9610106564935647,0.0,0.0
459,0.0,0.0,0.0,1.0,-7.089314352555784e-25,0.0,0.0,0.0,-145.9257814832272,202.99180146594648,-0.30662096752118956,0.9518317202044806,0.0,0.0
460,0.0,0.0,0.0,1.0,-3.7585497282587867e-25,0.0,0.0,0.0,-158.40814535761717,193.4085433693166,-0.33642671403574687,0.9417096725605832,0.0,0.0
461,0.0,0.0,0.0,1.0,1.2540021560233301e-25,0.0,0.0,0.0,-170.2628373002519,183.05892875888017,-0.36589911606584025,0.9306545428746845,0.0,0.0
462,0.0,0.0,0.0,1.0,-4.9923429709259235e-25,0.0,0.0,0.0,-181.4428846167952,171.98396665333993,-0.3950089712257732,0.9186772849930531,0.0,0.0
463,0.0,0.0,0.0,1.0,-3.8772796727657613e-25,0.0,0.0,0.0,-191.90398780560005,160.22754016769065,-0.42372743635519117,0.9057897664419203,0.0,0.0
464,0.0,0.0,0.0,1.0,9.550591670743402e-25,0.0,0.0,0.0,-201.60469608879134,147.83623263201378,-0.45202605609798246,0.8920047566686821,0.0,0.0
465,0.0,0.0,0.0,1.0,5.3885396802081504e-24,0.0,0.0,0.0,-210.50657165565013,134.85914301101505,-0.47987679109693754,0.8773359143894414,0.0,0.0
466,0.0,0.0,0.0,1.0,6.06837461720097e-25,0.0,0.0,0.0,-218.57434196750427,121.3476913556797,-0.5072520457762243,0.8617977740554255,0.0,0.0
467,0.0,0.0,0.0,1.0,5.226741159461317e-24,0.0,0.0,0.0,-225.77603952062958,107.35541505792757,-0.5341246956841345,0.8454057314516988,0.0,0.0
468,0.0,0.0,0.0,1.0,2.0515359841951518e-24,0.0,0.0,0.0,-232.083128513379,92.93775671557397,-0.5604681143690304,0.8281760284424288,0.0,0.0
469,0.0,0.0,0.0,1.0,2.9863519483596158e-24,0.0,0.0,0.0,-237.47061791563317,78.15184444815205,-0.5862561997618623,0.8101257368778197,0.0,0.0
470,0.0,0.0,0.0,1.0,2.7481477013064852e-24,0.0,0.0,0.0,-241.9171604925467,63.05626553407851,-0.611463400039093,0.7912727416786726,0.0,0.0
471,0.0,0.0,0.0,1.0,-3.2132580085622358e-24,0.0,0.0,0.0,-245.40513739022362,47.710834266089606,-0.6360647389404209,0.7716357231153216,0.0,0.0
472,0.0,0.0,0.0,1.0,8.953112759463993e-25,0.0,0.0,0.0,-247.9207279481649,32.176354944785025,-0.6600358405162216,0.751234138298504,0.0,0.0
473,0.0,0.0,0.0,1.0,-1.2052300899976044e-24,0.0,0.0,0.0,-249.45396446186055,16.51438094939107,-0.6833529532801795,0.7300882019005018,0.0,0.0
474,0.0,0.0,0.0,1.0,4.088180226829272e-24,0.0,0.0,0.0,-249.99877167853668,0.786970840413896,-0.7059929737431512,0.7082188661256866,0.0,0.0
475,0.0,0.0,0.0,1.0,7.792969714835772e-25,0.0,0.0,0.0,-249.55299086956666,-14.943557539448381,-0.7279334693050062,0.6856477999502577,0.0,0.0
476,0.0,0.0,0.0,1.0,6.109618635676605e-25,0.0,0.0,0.0,-248.11838838415437,-30.6148739917499,-0.7491527004817012,0.6623973676517936,0.0,0.0
477,0.0,0.0,0.0,1.0,-1.9780064962651752e-26,0.0,0.0,0.0,-245.70064865040385,-46.164882937700504,-0.7696296424455902,0.6384906066498739,0.0,0.0
478,0.0,0.0,0.0,1.0,2.2112381288864224e-24,0.0,0.0,0.0,-242.30935165150177,-61.53196946392713,-0.7893440058576365,0.6139512046797129,0.0,0.0
479,0.0,0.0,0.0,1.0,1.6898761125979394e-24,0.0,0.0,0.0,-237.95793496626476,-76.65524346365157,-0.8082762569708636,0.5888034763214476,0.0,0.0
480,0.0,0.0,0.0,1.0,-1.2565905654428388e-24,0.0,0.0,0.0,-232.6636405244598,-91.47478090591822,-0.8264076369851401,0.5630723389083219,0.0,0.0
481,0.0,0.0,0.0,1.0,-1.111094704054709e-24,0.0,0.0,0.0,-226.44744628787012,-105.93186127687446,-0.8437201806341221,0.5367832878376295,0.0,0.0
482,0.0,0.0,0.0,1.0,-1.4296837882488973e-24,0.0,0.0,0.0,-219.33398312781756,-119.96920025226082,-0.8601967339859229,0.5099623713089061,0.0,0.0
483,0.0,0.0,0.0,1.0,9.431090733070604e-26,0.0,0.0,0.0,-211.3514372284985,-133.53117667918934,-0.875820971439886,0.4826361645143736,0.0,0.0
484,0.0,0.0,0.0,1.0,1.0991798676025444e-24,0.0,0.0,0.0,-202.53143840284707,-146.56405296782214,-0.8905774119026214,0.4548317433072143,0.0,0.0
485,0.0,0.0,0.0,1.0,-1.0733247242437744e-24,0.0,0.0,0.0,-192.908934763465,-159.01618801966674,-0.9044514341272619,0.42657665737378353,0.0,0.0
486,0.0,0.0,0.0,1.0,-1.3851379735474725e-24,0.0,0.0,0.0,-182.5220542452127,-170.83824184879805,-0.917429291200757,0.3978989029363206,0.0,0.0
487,0.0,0.0,0.0,1.0,-1.1589560226992067e-24,0.0,0.0,0.0,-171.41195352816806,-181.98337108521193,-0.9294981241648372,0.36882689501322935,0.0,0.0
488,0.0,0.0,0.0,1.0,-3.394626041840163e-24,0.0,0.0,0.0,-159.6226549595578,-192.40741458567226,-0.940645974757173,0.33938943926436327,0.0,0.0
489,0.0,0.0,0.0,1.0,-4.0750473901030427e-25,0.0,0.0,0.0,-147.20087212087287,-202.06906841655714,-0.9508617972600656,0.30961570344930683,0.0,0.0
490,0.0,0.0,0.0,1.0,-4.942735237359138e-25,0.0,0.0,0.0,-134.19582473129194,-210.93004951540013,-0.960135469444978,0.27953518852681647,0.0,0.0
491,0.0,0.0,0.0,1.0,8.159690300955335e-25,0.0,0.0,0.0,-120.65904362086913,-218.95524738260556,-0.9684578026020231,0.24917769942414988,0.0,0.0
492,0.0,0.0,0.0,1.0,1.971663336184562e-24,0.0,0.0,0.0,-106.64416654623629,-226.11286320229425,-0.9758205506444905,0.21857331550519749,0.0,0.0
493,0.0,0.0,0.0,1.0,-7.159011815032634e-25,0.0,0.0,0.0,-92.20672565788445,-232.37453584102627,-0.9822164182793834,0.1877523607667033,0.0,0.0
494,0.0,0.0,0.0,1.0,6.538133609154518e-28,0.0,0.0,0.0,-77.40392746114559,-237.7154542251524,-0.9876390682358779,0.1567453737920777,0.0,0.0
495,0.0,0.0,0.0,1.0,-9.218560216728255e-25,0.0,0.0,0.0,-62.29442614276177,-242.11445565150544,-0.9920831275445315,0.12558307749259834,0.0,0.0
496,0.0,0.0,0.0,1.0,9.956421595443285e-26,0.0,0.0,0.0,-46.9380911612075,-245.55410964189332,-0.9955441928610276,0.09429634866598043,0.0,0.0
497,0.0,0.0,0.0,1.0,3.193397256870153e-26,0.0,0.0,0.0,-31.395770021646126,-248.02078700913097,-0.9980188348291781,0.06291618740245525,0.0,0.0
498,0.0,0.0,0.0,1.0,-5.34486422931442e-26,0.0,0.0,0.0,-15.729047175505151,-249.50471386094398,-0.9995046014788608,0.03147368636869233,0.0,0.0
499,0.0,0.0,0.0,1.0,2.0407192551254666e-33,0.0,0.0,0.0,-2.736670760928221e-13,-250.00001032776143,-1.0000000206555253,5.473341485902718e-16,0.0,0.0
