,ground.x,ground.y,ground.z,ground.e0,ground.e1,ground.e2,ground.e3,SU.rbr_uca.x,SU.rbr_uca.y,SU.rbr_uca.z,SU.rbr_uca.e0,SU.rbr_uca.e1,SU.rbr_uca.e2,SU.rbr_uca.e3,SU.rbl_uca.x,SU.rbl_uca.y,SU.rbl_uca.z,SU.rbl_uca.e0,SU.rbl_uca.e1,SU.rbl_uca.e2,SU.rbl_uca.e3,SU.rbr_lca.x,SU.rbr_lca.y,SU.rbr_lca.z,SU.rbr_lca.e0,SU.rbr_lca.e1,SU.rbr_lca.e2,SU.rbr_lca.e3,SU.rbl_lca.x,SU.rbl_lca.y,SU.rbl_lca.z,SU.rbl_lca.e0,SU.rbl_lca.e1,SU.rbl_lca.e2,SU.rbl_lca.e3,SU.rbr_upright.x,SU.rbr_upright.y,SU.rbr_upright.z,SU.rbr_upright.e0,SU.rbr_upright.e1,SU.rbr_upright.e2,SU.rbr_upright.e3,SU.rbl_upright.x,SU.rbl_upright.y,SU.rbl_upright.z,SU.rbl_upright.e0,SU.rbl_upright.e1,SU.rbl_upright.e2,SU.rbl_upright.e3,SU.rbr_upper_strut.x,SU.rbr_upper_strut.y,SU.rbr_upper_strut.z,SU.rbr_upper_strut.e0,SU.rbr_upper_strut.e1,SU.rbr_upper_strut.e2,SU.rbr_upper_strut.e3,SU.rbl_upper_strut.x,SU.rbl_upper_strut.y,SU.rbl_upper_strut.z,SU.rbl_upper_strut.e0,SU.rbl_upper_strut.e1,SU.rbl_upper_strut.e2,SU.rbl_upper_strut.e3,SU.rbr_lower_strut.x,SU.rbr_lower_strut.y,SU.rbr_lower_strut.z,SU.rbr_lower_strut.e0,SU.rbr_lower_strut.e1,SU.rbr_lower_strut.e2,SU.rbr_lower_strut.e3,SU.rbl_lower_strut.x,SU.rbl_lower_strut.y,SU.rbl_lower_strut.z,SU.rbl_lower_strut.e0,SU.rbl_lower_strut.e1,SU.rbl_lower_strut.e2,SU.rbl_lower_strut.e3,SU.rbr_tie_rod.x,SU.rbr_tie_rod.y,SU.rbr_tie_rod.z,SU.rbr_tie_rod.e0,SU.rbr_tie_rod.e1,SU.rbr_tie_rod.e2,SU.rbr_tie_rod.e3,SU.rbl_tie_rod.x,SU.rbl_tie_rod.y,SU.rbl_tie_rod.z,SU.rbl_tie_rod.e0,SU.rbl_tie_rod.e1,SU.rbl_tie_rod.e2,SU.rbl_tie_rod.e3,SU.rbr_hub.x,SU.rbr_hub.y,SU.rbr_hub.z,SU.rbr_hub.e0,SU.rbr_hub.e1,SU.rbr_hub.e2,SU.rbr_hub.e3,SU.rbl_hub.x,SU.rbl_hub.y,SU.rbl_hub.z,SU.rbl_hub.e0,SU.rbl_hub.e1,SU.rbl_hub.e2,SU.rbl_hub.e3,ST.rbs_coupler.x,ST.rbs_coupler.y,ST.rbs_coupler.z,ST.rbs_coupler.e0,ST.rbs_coupler.e1,ST.rbs_coupler.e2,ST.rbs_coupler.e3,ST.rbr_rocker.x,ST.rbr_rocker.y,ST.rbr_rocker.z,ST.rbr_rocker.e0,ST.rbr_rocker.e1,ST.rbr_rocker.e2,ST.rbr_rocker.e3,ST.rbl_rocker.x,ST.rbl_rocker.y,ST.rbl_rocker.z,ST.rbl_rocker.e0,ST.rbl_rocker.e1,ST.rbl_rocker.e2,ST.rbl_rocker.e3,time
0,0.0,0.0,0.0,1.0,0.0,0.0,0.0,2.1666666666666665,455.0,144.0,1.0,0.0,0.0,0.0,2.1666666666666665,-455.0,144.0,1.0,0.0,0.0,0.0,-1.4666666666666668,451.6666666666667,-132.0,1.0,0.0,0.0,0.0,-1.4666666666666668,-451.6666666666667,-132.0,1.0,0.0,0.0,0.0,0.6999999999999998,876.0,0.6666666666666666,1.0,0.0,0.0,0.0,0.6999999999999998,-876.0,0.6666666666666666,1.0,0.0,0.0,0.0,-160.0,545.0,455.25,1.0,0.0,0.0,0.0,-160.0,-545.0,455.25,1.0,0.0,0.0,0.0,-160.0,575.0,87.75,1.0,0.0,0.0,0.0,-160.0,-575.0,87.75,1.0,0.0,0.0,0.0,279.0,519.0,131.0,1.0,0.0,0.0,0.0,279.0,-519.0,131.0,1.0,0.0,0.0,0.0,0.3499999999999999,954.0,0.3333333333333333,1.0,0.0,0.0,0.0,0.3499999999999999,-954.0,0.3333333333333333,1.0,0.0,0.0,0.0,525.0,0.0,131.0,1.0,0.0,0.0,0.0,609.0,275.0,131.0,1.0,0.0,0.0,0.0,609.0,-275.0,131.0,1.0,0.0,0.0,0.0,0.0
1,0.0,0.0,0.0,1.0,-2.5503710241947472e-21,1.2396310294908955e-22,-5.160689605815922e-22,2.166666666666655,454.9914381772693,144.34461336492149,1.0,0.001070227841371015,-2.383523038055996e-17,5.463514248870325e-17,2.1666666666667007,-454.88129418685344,148.77790897914826,1.0,-0.014838226643317525,3.3827148496584933e-16,1.1123125146188242e-16,-1.4666666666666894,451.683727963981,-131.6518231548073,1.0,0.0009478498507967402,7.652503308301194e-17,7.1495584235504e-17,-1.4666666666666384,-451.9032138639952,-127.17268497303736,1.0,-0.013141510962693255,5.827345139580116e-17,9.532067141245154e-17,-68.38804530851998,875.7133018804838,4.177624010164881,1.0,0.016121228877606017,-0.061628109399325386,0.4431354532999114,69.70179282764856,-876.4770966380809,12.90090766979957,1.0,0.01420949246916196,0.06155117022260713,0.44258222398160346,-160.0,544.9996637231085,455.24997254882504,1.0,-9.150391608235527e-07,-1.2427047171781982e-16,9.740964116750056e-16,-160.0,-544.9953376724658,455.24961940183385,1.0,1.2686605535534274e-05,1.117458952326877e-16,9.751949610746818e-16,-160.0,574.949152384949,88.3604427550879,1.0,-9.150391609582825e-07,-1.7132721909788916e-18,1.0910113667436087e-15,-160.0,-574.2950207355489,96.21351365814054,1.0,1.2686605535657561e-05,-2.3104409273514172e-17,1.0351591343619681e-15,286.76437552609303,761.1602281931175,148.08488265441193,1.0,0.03501000543936861,-0.0009170471985686133,-0.014819257707123116,271.77756317209133,-276.83977180688134,121.5931024776302,1.0,0.019276429349118482,-0.0008244541550082006,-0.0158914233461591,-137.82609061703994,953.4138545490918,6.316062705158563,1.0,0.016121228877605996,-0.06162810939932536,0.44313545329991144,138.35358565529694,-954.7774311998884,10.39397933043281,1.0,0.014209492469162048,0.061551170222607136,0.44258222398160363,525.0,1.8541599525591799,131.0,1.0,-4.404234196782086e-20,1.3474296842355544e-19,-5.2300247164859866e-20,609.0,275.9270799762796,131.0,1.0,-8.761594198262253e-20,9.582304158376895e-20,-0.005518333192140413,609.0,-274.0729200237204,131.0,1.0,-4.4042341967820865e-20,1.3474296842355544e-19,-0.005518333192140413,0.04216902890724555
2,0.0,0.0,0.0,1.0,-1.1038415406747935e-20,9.641319350415175e-22,-2.249073107509307e-21,2.1666666666666368,454.59711252859097,160.2162207242267,1.0,0.050360933926169575,-1.7751976963966433e-16,1.274222172080733e-16,2.1666666666667758,-454.27288566166084,173.26635211814164,1.0,-0.09088929229236582,1.2250089882354903e-15,3.515768920187485e-16,-1.466666666666702,452.46950773800506,-115.61609517380184,1.0,0.04460228174101125,1.84625107424581e-16,1.2878974039686083e-16,-1.4666666666665893,-453.11560041567435,-102.4310186776577,1.0,-0.08049631938931666,1.0000670750850398e-16,2.519664858121784e-16,-205.39935034700957,875.7103762940213,57.815512082491566,1.0,0.053700953905431933,-0.18384531294228185,1.3219353454421219,206.0335196720852,-877.9801608882519,83.3185058778685,1.0,0.036726759434007245,0.18316217454395478,1.3170232550541505,-160.0,544.9841760626427,455.2487082500115,1.0,-4.3058332945289984e-05,-2.9046751807556935e-16,1.944786014561133e-15,-160.0,-544.9714416243786,455.2476687040309,1.0,7.770986563557835e-05,1.8267899393709099e-16,1.953830473486668e-15,-160.0,572.6073007233438,116.47516119119956,1.0,-4.305833294556346e-05,-4.0208797911628414e-17,2.1965990986739418e-15,-160.0,-570.6817571285977,139.59196098268905,1.0,7.770986563582943e-05,-7.968540541046334e-17,2.114295718927284e-15,302.69247296179975,1240.5015409157547,204.6703655084357,1.0,0.15096386374679438,-0.0050875911176096545,-0.043121352160154426,258.0398953176414,202.50154091575718,125.50201024606109,1.0,0.011266372446596108,-0.0035855558278727146,-0.048379831536891786,-411.848700694019,952.820822188148,65.73083583934604,1.0,0.05370095390543183,-0.1838453129422819,1.321935345442122,411.01703934416986,-956.8775926605002,77.38401159501082,1.0,0.03672675943400743,0.183162174543955,1.317023255054151,525.0,3.7051358378309245,131.0,1.0,-1.9265766178361455e-19,3.5116607585020526e-19,-1.0376403172082793e-19,609.0,276.8525679189155,131.0,1.0,-2.519719512018838e-19,3.0115114123382486e-19,-0.011027189993544441,609.0,-273.1474320810845,131.0,1.0,-1.9265766178361455e-19,3.5116607585020526e-19,-0.011027189993544441,0.0843380578144911
3,0.0,0.0,0.0,1.0,-7.682788082616378e-22,1.4396793437297005e-20,-5.859592019428923e-22,2.166666666666601,453.0676487641074,221.77713724468902,1.0,0.24154390448661173,-4.539698568630739e-16,2.593742503028133e-16,2.1666666666668806,-452.4480634015942,246.7154480858225,1.0,-0.3189920748006916,1.9552580825971728e-15,6.837962285659548e-16,-1.466666666666722,455.51729754133544,-53.41860696510039,1.0,0.21392393748157765,4.1158551988079283e-16,2.0449299074961835e-16,-1.4666666666665142,-456.75195637667935,-28.222421103072808,1.0,-0.28251609500070934,1.7914198690759137e-16,4.984718211338275e-16,-410.6068242189818,877.1133419793636,254.2824974766403,1.0,0.12394142260785078,-0.36689505176274795,2.6381501341035687,408.96770945910157,-881.5953687983506,301.83446884858654,1.0,0.05658119972273788,0.3641840922029193,2.618657043935276,-160.0,544.9241043539963,455.2438044370608,1.0,-0.00020651876463514303,-4.1629069727323323e-16,2.918609815645234e-15,-160.0,-544.8997693208673,455.24181790374433,1.0,0.0002727365418565569,2.0663617493010714e-16,2.9362093933018603e-15,-160.0,563.5240030219995,225.52321130107526,1.0,-0.0002065187646355619,-4.5600048611625417e-17,3.348432952071775e-15,-160.0,-559.8443615490937,269.6985472767125,1.0,0.00027273654185694607,-1.5622343062742821e-16,3.341738740476729e-15,327.329195675392,1956.2003091282975,345.90942755587247,1.0,0.44038817122105,-0.016356471101429616,-0.08391106609332603,238.38123315956986,918.2003091282969,186.62514379955687,1.0,-0.11398595040892781,-0.0078639242052926,-0.09835934889811326,-822.2636484379632,953.3492645005617,273.0271995338978,1.0,0.12394142260785052,-0.36689505176274845,2.6381501341035682,816.8854189182025,-961.3907079292895,292.929397223048,1.0,0.056581199722738014,0.36418409220292,2.6186570439352765,525.0,5.549747477754931,131.0,1.0,-3.437279892231847e-19,7.362699475169097e-19,-3.4602208202060066e-19,609.0,277.77487373887755,131.0,1.0,-4.159370706811187e-19,6.779789959232516e-19,-0.01651710558855632,609.0,-272.22512626112245,131.0,1.0,-3.437279892231847e-19,7.362699475169097e-19,-0.016517105588556322,0.12650708672173663
4,0.0,0.0,0.0,1.0,5.443571776831533e-21,3.3632976508239713e-20,1.683839144167527e-22,2.1666666666665084,449.27212487983473,374.54697358665646,1.0,0.7159843900206716,-9.750242466694423e-16,5.730801702425133e-16,2.1666666666670173,-448.34538929987264,411.8480806801184,1.0,-0.8318263375158956,3.5261616268423856e-15,1.1497646497685483e-15,-1.4666666666667347,463.0807058818319,100.93094842799361,1.0,0.6341132897313797,4.2757655769406695e-16,3.098306128763318e-16,-1.4666666666665016,-464.9274284499497,138.61776824403634,1.0,-0.7367089879601717,3.3898758286048454e-16,6.170907271281142e-16,-684.4259999049193,881.6156341980139,733.4806545791087,1.0,0.24374941335888142,-0.611147990740095,4.3944450762740095,677.4340775281639,-888.9091615214104,799.7794244706395,1.0,0.057747302087818524,0.6036622049142573,4.340618711526321,-160.0,544.7750301423478,455.23163511366084,1.0,-0.000612162877964029,-5.418061271442774e-16,3.892465678425954e-15,-160.0,-544.7386313789092,455.2286637860333,1.0,0.0007112071322186274,3.6432453798807627e-16,3.907862321077298e-15,-160.0,540.9828522121584,496.1373234733476,1.0,-0.0006121628779645992,-5.020375254809467e-17,4.4429742122349184e-15,-160.0,-535.4790832712414,562.2119244603172,1.0,0.0007112071322191541,-1.2655433916378716e-16,4.469037338114424e-15,361.2259412652111,2907.0264165699227,639.9457960696359,1.0,1.0429217132574504,-0.04110199066159937,-0.13624331246218208,213.4240341272662,1869.0264165699116,369.0826324102719,1.0,-0.4878742467423604,-0.010819421039438037,-0.16662944806639424,-1369.9019998098386,956.7020222535273,770.7444261362427,1.0,0.24374941335888095,-0.6111479907400964,4.394445076274009,1353.8181550563268,-969.9090964180867,790.8600755550459,1.0,0.05774730208781842,0.603662204914255,4.340618711526321,525.0,7.384822492943644,131.0,1.0,-6.820700159897551e-19,1.5095396276123952e-18,-6.800299049747409e-19,609.0,278.6924112464719,131.0,1.0,-7.6223121577971875e-19,1.4479023304306032e-18,-0.021978638371856044,609.0,-271.3075887535281,131.0,1.0,-6.820700159897551e-19,1.5095396276123952e-18,-0.02197863837185605,0.1686761156289822
5,0.0,0.0,0.0,1.0,-6.828195877419608e-20,3.0117171127935525e-20,-1.443479499969106e-20,2.1666666666665386,441.6851730205346,679.9217859234848,1.0,1.6643533724331818,-1.4790312176933939e-15,5.835571556200198e-16,2.166666666667225,-440.5973347883121,723.7072747704327,1.0,-1.8003331514609702,5.57207133247845e-15,1.8188547123040646e-15,-1.466666666666626,478.19936057120265,409.4634941258954,1.0,1.4740385502519837,1.663142789043161e-16,1.0386254265209552e-16,-1.466666666666511,-480.36711527636805,453.7017475535397,1.0,-1.594469367205643,4.992417378577442e-16,6.633131323672095e-16,-1027.424209196051,891.5012990895406,1684.1077026492535,1.0,0.4359300836566741,-0.9171102027490058,6.594459076909509,1010.0393669339828,-901.9654054274463,1746.356762191431,1.0,0.0195749073604274,0.9003536957613485,6.473971812379206,-160.0,544.477042591294,455.2073095992892,1.0,-0.0014230133570209914,-7.588510413738451e-16,4.859055517433935e-15,-160.0,-544.4343163084908,455.20382173946825,1.0,0.0015392753510460036,5.296799455002994e-16,4.879344847571208e-15,-160.0,495.9248756950999,1037.073516762988,1.0,-0.001423013357021717,-1.1586936990455226e-16,5.254252930620772e-15,-160.0,-489.4643378624051,1114.6344507409658,1.0,0.0015392753510466736,-7.239977799723975e-17,5.53297837090209e-15,404.938109321926,4091.3447794908725,1178.692187963138,1.0,2.146910221235937,-0.08926603454880724,-0.19923232243237343,183.813335003168,3053.3447794908616,755.488578763727,1.0,-1.2796897105814078,-0.006402971865670225,-0.2538922151060657,-2055.8984183921016,965.1757977914742,1751.1374852244376,1.0,0.43593008365667407,-0.9171102027490059,6.594459076909508,2019.0287338679645,-984.484135757871,1743.5999908969043,1.0,0.01957490736042702,0.9003536957613464,6.473971812379206,525.0,9.207200252146034,131.0,1.0,-1.145665929232854e-18,2.9053263216979134e-18,-1.1132367532929998e-18,609.0,279.6036001260731,131.0,1.0,-1.2795141112097904e-18,2.7945759467978777e-18,-0.027402381702815528,609.0,-270.3963998739269,131.0,1.0,-1.145665929232854e-18,2.9053263216979134e-18,-0.027402381702815535,0.21084514453622774
6,0.0,0.0,0.0,1.0,-2.443397270683662e-19,-3.2859004130839334e-21,-4.853913974239933e-20,2.1666666666664356,428.36896893995873,1215.899000166665,1.0,3.328878882505169,-1.959761572103244e-15,9.451757429254858e-16,2.1666666666675076,-427.5663000085886,1248.2064246542973,1.0,-3.4292124989263875,7.222551818301348e-15,2.741327673938803e-15,-1.4666666666664891,504.7347986497553,950.9829897289543,1.0,2.948229554616027,4.174916351190849e-17,-1.9215536939348242e-16,-1.4666666666666428,-506.33429138785516,983.6244896805531,1.0,-3.0370902622882547,7.19434119269777e-16,4.205624830067636e-16,-1440.3333689354492,909.6719357925014,3345.88524034804,1.0,0.7294576476919238,-1.285434574277653,9.242886700758339,1405.092339590563,-923.2115082016293,3344.186420628137,0.9999999999999999,-0.08266959935827439,1.2527499418656824,9.007868629605587,-160.0,543.9540310951243,455.1646147832754,1.0,-0.002846173890815924,-1.0694824822348324e-15,5.8178397253163655e-15,-160.0,-543.9225052131112,455.1620412418863,1.0,0.0029319586037804164,8.131756184192837e-16,5.841699324682977e-15,-160.0,416.84157295561135,1986.4952183894459,1.0,-0.0028461738908167945,-3.083201952278951e-16,5.95088673332605e-15,-160.0,-412.07462062332417,2043.7240876717499,1.0,0.0029319586037812122,7.62613869825493e-17,6.383453353073268e-15,459.0230780684239,5507.117379936236,2078.9170146729707,1.0,3.991633226788873,-0.17541680136753976,-0.2720614788370303,150.2106286043206,4469.117379936225,1444.777903432031,0.9999999999999999,-2.692167834901701,0.015278253904339999,-0.36075091760580474,-2881.716737870899,981.6882202004319,3458.447495852651,1.0,0.7294576476919234,-1.285434574277653,9.242886700758339,2809.1346791811243,-1007.5721293085913,3357.626469754001,1.0,-0.08266959935827478,1.2527499418656871,9.00786862960559,525.0,11.013735880698528,131.0,1.0,-1.991430649552064e-18,5.276275789002987e-18,-1.7468052918473138e-18,609.0,280.50686794034937,131.0,1.0,-2.149180170248358e-18,5.1461582183968204e-18,-0.03277897583541232,609.0,-269.49313205965063,131.0,1.0,-1.9914306495520645e-18,5.276275789002987e-18,-0.032778975835412325,0.25301417344347327
7,0.0,0.0,0.0,1.0,7.173373572728953e-20,1.7002605285104868e-19,9.773601144575515e-21,2.166666666666524,406.9493139329427,2078.0401141990624,1.0,6.00633575838218,-6.515420536673225e-15,8.154551891753493e-16,2.16666666666765,-407.3864434131392,2060.4456526211293,1.0,-5.951694573357541,6.870285073443213e-15,3.26940265100138e-15,-1.4666666666661936,547.418128348173,1822.03908838926,1.0,5.319525648972576,-4.288127349352963e-16,-9.154502504162398e-16,-1.4666666666669876,-546.5470526133845,1804.2626909867256,1.0,-5.271132552595438,1.23242799904326e-15,-3.7630945046710707e-16,-1924.0669202407291,939.6824758649846,6012.517848536625,1.0,1.1598348277461086,-1.7169359156000097,12.345586821695283,1860.632854590746,-955.4358429069205,5824.129819667428,0.9999999999999999,-0.2771747812304096,1.6591024529099403,11.929736685209527,-160.0,543.1127458651238,455.0959384379693,1.0,-0.005135385401020431,-1.4745312146889974e-15,6.769041364411226e-15,-160.0,-543.1299147025861,455.097339975721,1.0,0.00508866747595689,1.2988343330846539e-15,6.788205912132233e-15,-159.99999999999991,289.63286909035855,3513.67857950037,1.0,-0.005135385401021481,-5.601150560416426e-16,6.112666790882582e-15,-160.00000000000026,-292.22892745726085,3482.5120238957425,1.0,0.0050886674759577245,3.68660289663932e-16,6.7676894045096096e-15,524.0387301256093,7151.905822388108,3483.687520711151,1.0,6.870261312932681,-0.3198581086419853,-0.3539938715923334,113.28739529023531,6113.9058223880975,2549.6826135765095,0.9999999999999999,-4.956316831099401,0.06841593990986439,-0.4877096833981881,-3849.183840481461,1009.8137883082957,6191.916893190761,1.0,1.1598348277461081,-1.7169359156000161,12.345586821695282,3720.2157091814915,-1041.9714417740527,5868.197123923074,1.0,-0.2771747812304099,1.659102452909934,11.929736685209527,525.0,12.801304345695067,131.0,1.0,-3.3387847752318247e-18,8.830042802187853e-18,-2.83523650463762e-18,609.0,281.4006521728477,131.0,1.0,-3.521197578574809e-18,8.686274360824838e-18,-0.038099120076473446,609.0,-268.5993478271523,131.0,1.0,-3.338784775231825e-18,8.830042802187853e-18,-0.03809912007647345,0.2951832023507188
8,0.0,0.0,0.0,1.0,-1.4020834287441828e-19,1.4640610227394193e-19,-3.2030218608739884e-20,2.1666666666665857,374.58470702534817,3380.7155422297437,1.0,10.051911621831504,-8.949472702235404e-15,8.214964625202511e-16,2.1666666666678345,-378.00959928673626,3242.8636287088507,0.9999999999999998,-9.62380008915792,6.9012119903539765e-15,3.9051598956799245e-15,-1.4666666666656574,611.9116594878699,3138.184853499367,1.0,8.902499601177947,-1.6004060549040274e-15,-2.1775851064556243e-15,-1.4666666666673662,-605.0868154123453,2998.9074799581076,0.9999999999999998,-8.523341596982137,1.5381726253844733e-15,-1.2605103818561325e-15,-2479.741671093182,985.7874489553427,10035.519424318836,0.9999999999999991,1.7695576369865835,-2.2126104448626696,15.909722722583922,2374.4638697002133,-1001.6990569822786,9439.609040957248,1.0,-0.5948942006288938,2.1174514171992462,15.225483999861183,-160.0,541.8415831990022,454.9921700570614,1.0,-0.008594331431283108,-2.093765966437872e-15,7.702621370197098e-15,-160.0,-541.9761003643312,455.00315105014903,1.0,0.008228298328350788,1.802961327975419e-15,7.733842144989577e-15,-159.99999999999937,97.42343833739055,5821.21757310154,1.0,-0.008594331431284307,-1.0461941597780163e-15,5.8923272070627945e-15,-160.00000000000063,-117.76345339863343,5577.028837406352,1.0,0.00822829832835171,6.619022604178661e-16,6.9967223977764435e-15,600.5426300011486,9022.874425637747,5564.235852651879,0.9999999999999997,11.133680025925981,-0.5498032425530105,-0.4443836985971991,73.71843678361928,7984.874425637731,4193.961413067677,0.9999999999999987,-8.325740600548516,0.17176010980172443,-0.6351740743895412,-4960.533342186368,1053.830348140858,10309.688255044006,1.0,1.7695576369865835,-2.2126104448626656,15.909722722583922,4747.8777394004255,-1090.753491915933,9533.56141891406,1.0,-0.5948942006288943,2.1174514171992453,15.22548399986118,525.0,14.5668046339829,131.0,1.0,-5.288338259337351e-18,1.3954191102862632e-17,-4.69330951579847e-18,609.0,282.2834023169916,131.0,1.0,-5.490913756961837e-18,1.3794691117465283e-17,-0.04335358522018728,609.0,-267.7165976830084,131.0,1.0,-5.288338259337351e-18,1.3954191102862632e-17,-0.043353585220187285,0.3373522312579644
9,0.0,0.0,0.0,1.0,-5.862782114811657e-19,4.187045734756801e-20,-1.1884621210036115e-19,2.166666666666485,327.9269068195056,5258.6920005149095,0.9999999999999997,15.88413664756184,-1.0074018439716075e-14,1.407027417622139e-15,2.166666666668065,-337.2535263913074,4883.295562749855,0.9999999999999996,-14.718309201086495,8.079967929739824e-15,4.720439303520007e-15,-1.466666666664719,704.8874925970666,5035.580558801857,1.0,14.067823662799976,-2.7982427006215654e-15,-4.539637445480303e-15,-1.466666666667808,-686.3021709369099,4656.302327885336,0.9999999999999996,-13.035305792791288,1.4281475018033427e-15,-2.2417100332354163e-15,-3108.7055631919266,1052.9999796796715,15829.092396819819,0.9999999999999982,2.6087080356905625,-2.7736605567509454,19.943940193780538,2944.185179302695,-1065.2618944470182,14460.637602749357,1.0000000000000004,-1.068821417129725,2.625655796676444,18.879715490387674,-159.99999999999994,540.0090364953039,454.84257440778,1.0,-0.013580853074001023,-3.109741986338455e-15,8.603879739532451e-15,-160.00000000000006,-540.3753517925865,454.8724776973536,1.0,0.012584076754866629,2.3280952199988378e-15,8.67922664619304e-15,-159.99999999999827,-179.67151428649868,9147.835864435407,1.0,-0.013580853074002468,-1.8206083300371255e-15,4.529705437104901e-15,-160.00000000000122,124.28186460331656,8482.864452860242,1.0,0.01258407675486764,9.735278421058398e-16,7.1343311193564e-15,689.0919848705591,11116.793863567942,8522.338589987328,1.0,17.195365963088786,-0.9006369724547286,-0.5426886965959726,32.17516187023257,10078.793863567927,6509.488639690637,0.9999999999999987,-13.070673441989006,0.34867773715009026,-0.8034523341424014,-6218.46112638386,1118.778360234485,16233.775954664492,1.0,2.608708035690562,-2.7736605567509702,19.943940193780538,5887.32035860539,-1157.1902429017086,14628.878369545939,1.0,-1.0688214171297261,2.625655796676429,18.87971549038767,525.0,16.307164037093386,131.0,1.0,-8.055641065204693e-18,2.0986617144918813e-17,-6.718621647751544e-18,609.0,283.1535820185469,131.0,1.0,-8.220502065299637e-18,2.0869223257086222e-17,-0.04853322630087342,609.0,-266.8464179814531,131.0,1.0,-8.055641065204693e-18,2.0986617144918813e-17,-0.04853322630087343,0.37952126016520993
10,0.0,0.0,0.0,1.0,4.827402153527529e-20,3.8078141499627025e-19,-3.0392723401588806e-22,2.1666666666663903,263.07095158710865,7869.144198618886,0.9999999999999997,23.991131051611468,-1.1466880697583352e-14,2.012560940205661e-15,2.1666666666682475,-282.8508022243435,7073.005210470175,1.000000000000001,-21.518649721957054,9.494926435989328e-15,5.416650958759205e-15,-1.4666666666641555,834.1271147657463,7673.026181577502,0.9999999999999999,21.247802672171073,-3.588680906126889e-15,-5.8450049515944654e-15,-1.466666666668014,-794.7114525686641,6868.65470488892,0.9999999999999988,-19.058043661222104,8.364247286008017e-16,-2.5658281345530323e-15,-3812.572744142329,1147.1665547716066,23876.311145014806,0.9999999999999974,3.735704976467465,-3.401526107679437,24.45859248855206,3567.2277508169414,-1149.5120529338049,21167.77135551161,1.0000000000000022,-1.7332552502388814,3.181423955787785,22.875953205902547,-159.99999999999994,537.4617332265678,454.6346312838016,1.0,-0.02051229053994965,-3.59614012716539e-15,9.548488631666589e-15,-160.00000000000009,-538.2386129749694,454.6980500387727,1.0,0.018398332040898673,2.472944081081756e-15,9.657165078930736e-15,-159.99999999999756,-564.8430775238006,13771.950289594371,1.0,-0.020512290539951288,-2.3047612282730006e-15,4.0891939098162425e-15,-160.0000000000014,447.372970680964,12361.682067788264,1.0,0.01839833204089981,1.0761306423024642e-15,7.941384677805697e-15,790.2445588296205,13430.045370033835,12593.33229260043,0.9999999999999998,25.53756617336154,-1.417297242705404,-0.6484838675663346,-10.681032225550634,12392.04537003382,9633.304214249749,0.9999999999999993,-19.47193486526587,0.6270151668459376,-0.9927570977106548,-7626.195488284666,1210.5360100139317,24456.36671973501,1.0,3.7357049764674644,-3.40152610767946,24.45859248855206,7133.4055016338825,-1244.6807236780958,21440.05283798461,1.0,-1.7332552502388805,3.1814239557877984,22.875953205902544,525.0,18.01934255487303,131.0,1.0,-1.1683911716439871e-17,3.035150674168376e-17,-9.241782307470453e-18,609.0,284.0096712774367,131.0,1.0,-1.1840349153916506e-17,3.0234358854602886e-17,-0.05362899569902696,609.0,-265.9903287225633,131.0,1.0,-1.1683911716439871e-17,3.035150674168376e-17,-0.05362899569902697,0.4216902890724555
11,0.0,0.0,0.0,1.0,-9.50996664948018e-19,8.810116633066987e-20,-1.9397607154590168e-19,2.1666666666662957,175.49188279343286,11394.201717564327,0.9999999999999991,34.9385146508209,-1.0888531823761788e-14,2.4363773355398815e-15,2.166666666668676,-212.496835191156,9904.75238355597,1.0000000000000009,-30.31289560110548,1.1856332908057116e-14,6.833129292439488e-15,-1.4666666666633634,1008.6474918108677,11234.53461683165,0.9999999999999993,30.94337917467782,-6.407388161975294e-15,-7.827420377404421e-15,-1.4666666666696495,-934.9070612040753,9729.683607041206,0.9999999999999984,-26.846688585411645,1.9541480796769756e-15,-6.618908799089967e-15,-4593.267816652598,1275.0616818219448,34736.95043597183,0.9999999999999972,5.218255220718838,-4.097923887082875,29.46602414045293,4240.887628890522,-1257.892361082949,29846.168500910815,1.0000000000000018,-2.623078253942552,3.7823439047957472,27.1968537916264,-159.9999999999998,534.0219496722033,454.35383262630245,1.0,-0.02987224578992141,-4.364621308319909e-15,1.046984636897335e-14,-160.00000000000082,-535.4753680339297,454.47247902317775,1.0,0.025917365894068435,4.4295988105633605e-15,1.0488008352502226e-14,-159.99999999999653,-1084.9644251047994,20016.182355866218,1.0,-0.02987224578992317,-3.1671205286461948e-15,3.1779344869420394e-15,-160.0000000000035,865.1965516461601,17377.79496998192,1.0,0.025917365894069514,2.528024873921284e-15,4.8965171085721735e-15,904.5607634590075,15958.625524197343,18049.931262486505,0.9999999999999978,36.71912143952152,-2.155819112239665,-0.7614768764982655,-54.205151219548604,14920.625524197329,13704.716765721922,0.9999999999999977,-27.814993372380965,1.03877768888034,-1.203207374892217,-9187.585633305203,1335.9143017374408,35547.79637034965,1.0,5.218255220718837,-4.097923887082865,29.46602414045293,8480.725257781043,-1356.6788775730502,30257.683015925893,1.0,-2.6230782539425506,3.782343904795825,27.196853791626403,525.0,19.70033742691333,131.0,1.0,-1.6326864326354694e-17,4.2442213435764205e-17,-1.3364726727670241e-17,609.0,284.85016871345687,131.0,1.0,-1.6478569339450387e-17,4.232788022130029e-17,-0.05863195662771833,609.0,-265.14983128654313,131.0,1.0,-1.6326864326354694e-17,4.2442213435764205e-17,-0.058631956627718335,0.46385931797970104
12,0.0,0.0,0.0,1.0,-1.46322477753059e-19,5.187778087179378e-19,-4.404499487232479e-20,2.1666666666662846,59.964410992079195,16044.182457568824,0.9999999999999994,49.379448625990136,-7.649240085140207e-15,2.6406787833412673e-15,2.1666666666684145,-123.89568724414649,13470.94858842309,1.0000000000000004,-41.38803909448161,1.1972945192321026e-14,6.1359690244498085e-15,-1.4666666666620094,1238.8611514849692,15932.598560551267,0.9999999999999993,43.7330269343501,-6.822737322441206e-15,-1.1285147699079038e-14,-1.466666666671561,-1111.4641536615284,13332.756123487747,0.9999999999999982,-36.65541594415901,5.307298742893721e-15,-1.1402410960584554e-14,-5453.081818594882,1444.508066315159,49057.42419167536,0.9999999999999966,7.134560423817814,-4.864897552905158,34.980930023270254,4962.358526171594,-1393.8322323227535,40779.92048768465,1.0000000000000044,-3.7730680416135436,4.425912371489437,31.824417528328574,-159.9999999999995,529.4844556904417,453.9834249543219,1.0,-0.042219168189273064,-5.737337395136592e-15,1.1342207852457055e-14,-160.00000000000162,-531.9954409714028,454.18840334460435,1.0,0.03538655517985508,6.576144867481074e-15,1.1305362863244241e-14,-159.99999999999497,-1771.0679101453395,28253.085920767142,1.0,-0.04221916818927501,-4.340109257167487e-15,7.96439028303539e-16,-160.00000000000603,1391.387901955994,23694.899464693815,1.0,0.03538655517985622,4.181875227018143e-15,1.2745969134503887e-15,1032.6072208816013,18698.15163345895,25207.074423586422,0.9999999999999967,51.38539840898855,-3.1850991361241996,-0.8815256495737289,-97.77465325306252,17660.151633458896,18862.538808821173,0.9999999999999984,-38.38430083774827,1.6196465280382049,-1.4348306498825467,-10907.213637189778,1502.7777889147492,50166.67685617053,1.0,7.134560423817812,-4.864897552905253,34.98093002327025,9923.667052343193,-1496.6247032869953,41371.28390750311,1.0,-3.773068041613544,4.425912371489454,31.824417528328574,525.0,21.347187797933387,131.0,1.0,-2.2213885851127923e-17,5.769002271538881e-17,-1.8137419359232106e-17,609.0,285.6735938989669,131.0,1.0,-2.2401937113713415e-17,5.754347660755913e-17,-0.06353329701765897,609.0,-264.3264061010331,131.0,1.0,-2.2213885851127923e-17,5.769002271538881e-17,-0.06353329701765897,0.5060283468869465
13,0.0,0.0,0.0,1.0,-7.5928174242500565e-19,4.0879085614542204e-19,-1.628118086924502e-19,2.1666666666666416,-89.53966442866145,22061.72149325363,0.9999999999999989,68.0674580535827,-8.814902549837425e-15,1.6884978736860641e-15,2.1666666666697103,-14.802656679799643,17861.94306863807,1.0000000000000016,-55.02466791502501,1.7252258410675364e-14,1.0159259313904193e-14,-1.466666666660077,1536.7805969825909,22012.362059410152,0.9999999999999992,60.28410723977357,-1.057858572490664e-14,-1.6228847139741288e-14,-1.4666666666743582,-1328.8557871800128,17769.155755661268,0.9999999999999979,-48.73272891740815,1.2917907418021563e-14,-1.843082855751756e-14,-6394.743455319635,1664.530069215527,67583.4764937524,0.999999999999997,9.574858428915567,-5.704881172445559,41.02081223996546,5728.76239383642,-1560.6839663708508,54246.78372557132,1.0000000000000084,-5.2172572372187895,5.109562070791192,36.74018441378389,-159.99999999999864,523.6124857434417,453.50408046885246,1.0,-0.058197317704919656,-7.798647214241908e-15,1.215807787006618e-14,-160.00000000000273,-527.7106681643845,453.83862597260304,1.0,0.04704580091323724,9.798552790189576e-15,1.203681896343555e-14,-159.99999999999253,-2658.9542766912023,38912.4609819453,1.0,-0.058197317704922,-6.2377844369757275e-15,-3.340236908258241e-15,-160.00000000000963,2039.2780297044324,31473.038796838282,1.0,0.04704580091323824,6.659094593680345e-15,-4.5891767419679405e-15,1174.9621996762983,21643.86773150976,34428.11434136702,0.9999999999999969,70.28097201099798,-4.588960735980977,-1.0086589186177177,-140.79506158415538,20605.867731509705,25242.517337345434,0.9999999999999973,-51.45802733062588,2.408358500790788,-1.6875649774077992,-12790.536910639288,1720.1987396001628,69072.82765850924,1.0,9.574858428915567,-5.704881172445425,41.020812239965444,11456.474787672852,-1667.8802669519823,55063.919214693735,1.0,-5.217257237218791,5.109562070791008,36.740184413783886,525.0,22.956979520065353,131.0,1.0,-2.939112695835244e-17,7.644542881832353e-17,-2.3971535278807716e-17,609.0,286.4784897600329,131.0,1.0,-2.9607256091009747e-17,7.62689683202957e-17,-0.0683243438097184,609.0,-263.5215102399671,131.0,1.0,-2.939112695835244e-17,7.644542881832353e-17,-0.0683243438097184,0.5481973757941921
14,0.0,0.0,0.0,1.0,1.5445789956701263e-18,1.4701358429320178e-18,2.702903437960881e-19,2.166666666667092,-279.98353593789363,29727.087321500236,0.9999999999999997,91.87294199223675,-7.765380667285414e-15,4.879067271755947e-16,2.166666666670348,116.93715920052082,23164.470657820915,0.999999999999997,-71.4921449000649,2.0487971540081854e-14,1.229794924050645e-14,-1.4666666666574475,1916.2815064981312,29756.991731375416,1.0000000000000002,81.36749110174802,-1.5523687683707184e-14,-2.327449313277217e-14,-1.4666666666751775,-1591.3760749151174,23126.514220181358,0.9999999999999974,-63.317189347136164,1.1560183799840393e-14,-2.0218707819750935e-14,-7421.510505620766,1945.5512978489496,91176.52230689324,0.9999999999999936,12.643407740026783,-6.620780758560763,47.60656640679373,6537.177448030334,-1761.6650658354793,70513.40865291584,1.0000000000000144,-6.98835377277138,5.830686704979977,41.92541392628414,-159.99999999999747,516.1325512537268,452.8934735717329,1.0,-0.07855088094223933,-1.0924051248536973e-14,1.2887553489913413e-14,-160.00000000000304,-522.5364129643461,453.41623779300795,1.0,0.06112540689973561,1.0917974684377743e-14,1.2942577611684228e-14,-159.99999999998883,-3789.977070748104,52490.77079595397,1.0,-0.07855088094224195,-8.631600301483623e-15,-9.53824515948567e-15,-160.0000000000109,2821.664637709707,40865.85370176271,1.0,0.0611254068997364,7.403627025074042e-15,-5.291009394244324e-15,1332.2234749965924,24790.651208970095,46132.786030597745,0.9999999999999994,94.26595498073308,-6.468633592528926,-1.1431007710106207,-182.70506640084204,23752.65120897005,32975.00690680553,0.9999999999999949,-67.30329284181458,3.4459766379793537,-1.961260994148053,-14844.071011241553,1998.655639857546,93143.92603447323,1.0,12.643407740026783,-6.620780758560536,47.60656640679372,13073.304896060681,-1873.6717580990642,71607.33998882837,1.0,-6.988353772771383,5.83068670497981,41.925413926284136,525.0,24.526850091594742,131.0,1.0,-3.8145863329354196e-17,9.907911867258294e-17,-3.069342938106049e-17,609.0,287.2634250457976,131.0,1.0,-3.8356755747487186e-17,9.891183503704608e-17,-0.07299657765355579,609.0,-262.7365749542024,131.0,1.0,-3.8145863329354196e-17,9.907911867258294e-17,-0.07299657765355579,0.5903664047014376
15,0.0,0.0,0.0,1.0,-2.579401343980126e-18,-9.18641623148752e-21,-5.173503851704287e-19,2.1666666666669308,-519.4372762798039,39365.100370262146,0.9999999999999999,121.80465953497556,-8.150908760124022e-15,1.16440735288246e-15,2.16666666666863,273.35483924827173,29460.282279742853,0.9999999999999951,-91.04435490603372,2.0063111231453838e-14,7.213824066013772e-15,-1.466666666654107,2393.4452583505913,39494.66681547558,0.9999999999999993,107.87658842688458,-1.7499524187890375e-14,-3.222419239754538e-14,-1.4666666666764232,-1903.072384027139,29487.42778761559,0.9999999999999944,-80.63365096447076,1.5995823746005496e-14,-2.303436771668303e-14,-8537.288391695678,2299.6517502579495,120834.91311006836,0.9999999999999944,16.46107000526255,-7.616080036768807,54.76324216914667,7384.663306211948,-1999.8073424153897,89831.13020399975,1.0000000000000044,-9.11722930721397,6.586663385882791,47.36124625087106,-159.9999999999963,506.72768945964185,452.12572975180757,1.0,-0.1041423416064155,-1.4473428452807424e-14,1.3581020983421613e-14,-160.00000000000315,-516.392902067836,452.91472669941527,1.0,0.07784244335282538,1.1436362350687915e-14,1.3896995535175903e-14,-159.99999999998457,-5212.063464511393,69563.39721716188,1.0,-0.10414234160641858,-1.2135601930742688e-14,-1.7753126414092974e-14,-160.00000000001157,3750.6100541492665,52018.15649441979,1.0,0.07784244335282604,7.790010184035251e-15,-6.931002735969426e-15,1505.019387681381,28133.020093566596,60807.57738533899,0.9999999999999973,124.33724874044877,-8.945808193936063,-1.2853007266373233,-222.9810620745443,27095.020093566556,42182.91643666027,0.9999999999999903,-86.17195991118898,4.775081331324746,-2.2556838015510445,-17075.626783391388,2350.291527409724,123397.17544153037,1.0,16.461070005262542,-7.6160800367691355,54.76324216914666,14768.276612423919,-2117.0383676624774,91257.69530696199,1.0,-9.117229307213972,6.586663385882477,47.36124625087103,525.0,26.05399372814307,131.0,1.0,-4.8555140182457796e-17,1.2596977982996805e-16,-4.1333839619622676e-17,609.0,288.0269968640718,131.0,1.0,-4.8782169053375885e-17,1.2578461751003574e-16,-0.07754164800042598,609.0,-261.9730031359282,131.0,1.0,-4.855514018245779e-17,1.2596977982996805e-16,-0.07754164800042598,0.6325354336086833
16,0.0,0.0,0.0,1.0,-4.381714797960313e-20,1.1598804598647553e-18,-4.031945794589435e-20,2.16666666666743,-817.3044577493934,51354.25442441316,1.0000000000000018,159.03805721867437,-8.790230246354113e-15,-1.890774250049288e-16,2.1666666666669308,456.32842926575603,36824.969277946606,0.9999999999999957,-113.91605365821928,1.799726934029989e-14,2.1409438326255466e-15,-1.46666666664952,2987.010519268216,51607.7949179056,1.0000000000000013,140.85243625564144,-2.8010385337981304e-14,-4.4076495182753443e-14,-1.4666666666778827,-2267.687129981791,36928.26945506048,0.9999999999999931,-100.89002573972913,1.45791014900614e-14,-2.6628733109080098e-14,-9746.786031438221,2740.906838735656,157721.9736841926,0.9999999999999961,21.168714677412805,-8.694979469042785,62.52104284883084,8268.28304966921,-2277.913228352896,112432.3540472737,1.0000000000000064,-11.632479938947764,7.374872315141246,53.028843789824734,-159.9999999999949,495.02856264410343,451.1706989913553,1.0,-0.13597670028815242,-1.8488670786322346e-14,1.4237554679647764e-14,-160.0000000000038,-509.2063727464517,452.32807124460857,1.0,0.09739762517972111,1.3138884686112404e-14,1.4754744864172387e-14,-159.99999999997965,-6981.0601204487175,90800.7982496417,1.0,-0.13597670028815603,-1.6005704765992597e-14,-2.885698397872704e-14,-160.0000000000135,4837.267762691837,65063.848505140966,1.0,0.0973976251797214,8.835759117647669e-15,-9.733431079740453e-15,1694.0242153697006,31665.140995815997,79019.40153645004,0.999999999999999,161.65656052551236,-12.166499434163795,-1.4359715616749205,-261.1410850393387,30627.140995815953,52979.946491898736,1.0000000000000222,-108.29702149979231,6.438911293254759,-2.5705147096550776,-19494.622062876482,2789.2545851930845,161017.87335490764,1.0,21.168714677412797,-8.694979469042982,62.52104284883083,16535.516099338434,-2400.788405631741,114251.8499950369,1.0,-11.632479938947764,7.374872315141171,53.02884378982473,525.0,27.53566655861268,131.0,1.0,-6.075811959986229e-17,1.5739503200447437e-16,-5.559458836613345e-17,609.0,288.7678332793066,131.0,1.0,-6.100299480157763e-17,1.571957421381441e-16,-0.08195138856729982,609.0,-261.2321667206934,131.0,1.0,-6.075811959986229e-17,1.5739503200447437e-16,-0.08195138856729982,0.6747044625159287
17,0.0,0.0,0.0,1.0,-8.165964065430528e-19,1.0047423887734098e-18,-1.9832735603656363e-19,2.1666666666680645,-1184.6255816596877,66138.92966180251,1.000000000000004,204.95319770746127,-9.638795713289037e-15,-1.9017064690132657e-15,2.1666666666872985,667.5586192478388,45326.98442472628,1.0000000000000606,-140.31982740598215,7.971492393426436e-14,6.31469445215165e-14,-1.4666666666434602,3718.9778937157016,66545.35133718578,1.0000000000000022,181.51729039161293,-3.5651962326094214e-14,-6.033254983874227e-14,-1.4666666666655428,-2688.6093081547124,45518.19983184849,1.000000000000012,-124.27459119377994,-1.918578659602357e-14,5.756345489162954e-15,-11055.723940923413,3285.8413242680244,203203.54165017614,0.9999999999999972,26.931777515048065,-9.862581885965307,70.91666022765446,9185.122168360862,-2598.519399083358,138527.54735394698,0.9999999999998866,-14.560060274614333,8.192713683441506,58.90951267617393,-159.99999999999278,480.60154054166566,449.99298290136034,1.0,-0.17523390328798266,-2.4242399741535628e-14,1.474906043216444e-14,-160.00000000000065,-500.9100281552909,451.65081862492207,1.0,0.11997271250260774,4.609010397125631e-15,1.646043709806897e-14,-159.99999999997303,-9162.535221688733,116990.14202929729,1.0,-0.17523390328798724,-2.1741774375354187e-14,-4.416804200550681e-14,-160.0000000000043,6091.737952619393,80124.18591016933,1.0,0.11997271250260762,2.4923873989665e-15,2.1782878327107917e-14,1899.9794935329862,35380.83773472471,101433.90317141854,0.999999999999999,207.58791633487417,-16.306065938148137,-1.5961381804341888,-296.74813407815293,34342.83773472458,65469.12131450713,1.0000000000001552,-133.88959285759623,8.480482139659694,-2.9053528597525737,-22112.49788184688,3332.1541804520343,207397.6618018704,1.0,26.931777515048054,-9.862581885966076,70.91666022765445,18369.19433672169,-2727.4627648063874,140804.31832303197,1.0,-14.560060274614374,8.192713683440632,58.90951267617396,525.0,28.969191934490834,131.0,1.0,-7.485484275605347e-17,1.9372585065896037e-16,-6.505516418466651e-17,609.0,289.48459596724564,131.0,1.0,-7.511539257709664e-17,1.9351448411455766e-16,-0.08621783313836574,609.0,-260.51540403275436,131.0,1.0,-7.485484275605347e-17,1.9372585065896034e-16,-0.08621783313836574,0.7168734914231742
18,0.0,0.0,0.0,1.0,-6.19420760736053e-19,1.2848987943193965e-18,-1.5189107625968883e-19,2.1666666666679055,-1634.4918085054708,84246.04529234534,1.0000000000000033,261.1864760631842,-1.214491345199401e-14,-1.1628246467317702e-15,2.166666666703944,908.5492088929293,55026.85565794149,1.0000000000000875,-170.44365111161946,1.3331100521015475e-13,1.1341469598715199e-13,-1.4666666666382377,4615.434371392497,84839.7039001456,1.000000000000002,231.32042804032392,-4.6766483610967515e-14,-7.370109244972928e-14,-1.4666666666540036,-3168.8355671055992,55318.3727459943,1.000000000000022,-150.95382780216227,-5.540494463944325e-14,3.609976087410235e-14,-12471.117288028652,3954.0482652788287,258899.1531097327,0.9999999999999951,33.946475998807195,-11.125144977003062,79.99509007273531,10132.304458204657,-2963.8675602227,168302.82195092508,0.9999999999998572,-17.922989378582386,9.037621851257295,64.98480473999207,-159.99999999999093,462.93245054010725,448.55060820735565,1.0,-0.22331305975480817,-2.940062653373997e-14,1.53107327846655e-14,-159.9999999999972,-491.4448045757796,450.8781473123089,1.0,0.14572842292304689,-4.554727553654404e-15,1.8213268424563318e-14,-159.99999999996737,-11834.235564717561,149064.80504976117,1.0,-0.22331305975481314,-2.6499832026787983e-14,-5.6836981398576505e-14,-159.99999999999415,7522.951505892514,97306.38695728015,1.0,0.1457284229230461,-5.236270900146108e-15,5.1229555312945574e-14,2123.7237620295095,39273.60065607433,128840.41928076788,1.0000000000000013,263.74881000157364,-21.575911535788077,-1.767202559510671,-329.41286874212153,38235.600656074115,79741.60968114459,1.0000000000002263,-163.13649524824683,10.941708043831923,-3.259716765841033,-24943.284576057373,3998.68268622712,264186.6824307296,1.0,33.94647599880718,-11.125144977002979,79.99509007273527,20263.55891640923,-3099.30558312637,171104.8012959464,1.0,-17.92298937858242,9.03762185125679,64.98480473999213,525.0,30.35196583739342,131.0,1.0,-9.100520632741241e-17,2.350773902457727e-16,-8.124914437087921e-17,609.0,290.175982918697,131.0,1.0,-9.127408402457533e-17,2.348662144784193e-16,-0.09033323165890918,609.0,-259.824017081303,131.0,1.0,-9.100520632741241e-17,2.3507739024577266e-16,-0.09033323165890918,0.7590425203304199
19,0.0,0.0,0.0,1.0,-3.4618287866386283e-18,3.5488900471509743e-19,-6.942221698974202e-19,2.16666666666766,-2182.6212652982563,106308.25592825498,1.0000000000000038,329.70265816228255,-1.3490516832082417e-14,-1.775933893369054e-16,2.1666666666980006,1180.5921333829745,65976.58336866606,1.0000000000001088,-204.449016672876,1.163300013445733e-13,9.524783694980722e-14,-1.466666666630657,5707.70174516849,107130.04919461116,1.0000000000000038,292.0019488056567,-5.5846490143539885e-14,-9.422707005086553e-14,-1.466666666657775,-3710.9403691823445,66381.32629948646,1.0000000000000155,-181.0707612508705,-4.9845533978803105e-14,2.649605337608447e-14,-14001.669329174341,4769.051188791124,326753.3418892712,0.999999999999992,42.44846692869901,-12.490432245037235,89.81215566669509,11107.005028234158,-3375.8820578067975,201918.0816504658,0.9999999999998622,-21.74112517759138,9.90707695152999,71.23660093719103,-159.99999999998823,441.40394244897465,446.79317897542654,1.0,-0.28189403415244796,-3.672916676452635e-14,1.569218237461432e-14,-159.99999999999824,-480.75995954794706,450.005915065139,1.0,0.1748028311620475,-1.6317196807478434e-15,1.8987433633850357e-14,-159.9999999999594,-15089.509177954396,188145.4618518674,1.0,-0.2818940341524542,-3.2740050039062175e-14,-7.637155725952567e-14,-159.9999999999978,9138.581067094936,116702.56433049543,1.0,0.1748028311620466,-2.817258366181832e-15,4.2878303681994757e-14,2366.2345927384017,43336.596653459455,162186.74814215323,1.0000000000000016,332.08145111096974,-28.232691016086907,-1.9510326234029132,-358.795692843902,42298.596653459244,95875.82083122105,1.0000000000002054,-196.19840334266584,13.862548977232729,-3.633045830659185,-28004.388658348755,4812.481657776904,333366.22609424335,1.0,42.448466928699,-12.490432245036832,89.81215566669505,22212.960056468244,-3518.2417619145144,205316.29879870286,1.0,-21.741125177591424,9.907076951529424,71.23660093719108,525.0,31.681462366076225,131.0,1.0,-1.0928197161829818e-16,2.818932901226401e-16,-9.70569338691176e-17,609.0,290.8407311830385,131.0,1.0,-1.0956717072041794e-16,2.8166912979423225e-16,-0.09429006656570324,609.0,-259.1592688169615,131.0,1.0,-1.0928197161829819e-16,2.8189329012264004e-16,-0.09429006656570324,0.8012115492376654
20,0.0,0.0,0.0,1.0,-4.552329932616351e-18,1.1791112883902715e-19,-9.14904803183259e-19,2.1666666666656993,-2848.1822870405167,133097.08705338096,1.0000000000000047,412.8977858800652,-2.3785740998487036e-14,6.172736595166102e-15,2.1666666667017314,1484.756728794983,78219.20833399924,1.0000000000000953,-242.46959109937646,1.2915112420099995e-13,1.0689562902226557e-13,-1.4666666666206818,7033.977099096251,134195.8906766184,1.0000000000000027,365.6839129127545,-6.858110434644122e-14,-1.20458779624543e-13,-1.466666666661689,-4317.054599514436,78750.54633330055,1.0000000000000207,-214.74377404709767,-4.186388236480534e-14,1.7098513778267403e-14,-15658.332402110207,5759.535686086973,409137.4887966721,0.9999999999999948,52.72521336156164,-13.96821342470144,100.43810605380398,12106.460637013344,-3836.153832101854,239505.6940880621,0.9999999999998787,-26.031002503645773,10.798614109985671,77.6471776479912,-159.99999999998477,415.26315460378146,444.65923711051283,1.0,-0.3530254296495721,-4.606657948027401e-14,1.590833970702828e-14,-160.00000000000045,-468.8134934855703,449.03069334576145,1.0,0.20731022180797073,4.305827600253424e-15,1.9523428550694568e-14,-159.99999999994876,-19042.19445189248,235598.7806787034,1.0,-0.35302542964957956,-4.183578016734858e-14,-1.0322558058921447e-13,-160.0000000000046,10944.977292028829,138388.95979298514,1.0,0.207310221807969,1.9522681071038495e-15,3.50820764652689e-14,2628.6891114622445,47562.679899387105,202628.81575124062,1.0000000000000018,414.95454047385374,-36.59134690451554,-2.1500877497576276,-384.6082385912925,46524.67989938693,113936.75612097682,1.0000000000001898,-233.20851664134577,17.280202818109224,-4.024701901991418,-31317.7148042205,5802.379154090353,417352.51099834463,1.0,52.725213361561636,-13.968213424699604,100.43810605380393,24211.871274026613,-3985.8608581245057,243573.7561751745,1.0,-26.031002503645837,10.79861410998377,77.64717764799127,525.0,32.95523928061548,131.0,1.0,-1.2988049206892406e-16,3.340955817355102e-16,-1.1158361641960758e-16,609.0,291.47761964030815,131.0,1.0,-1.301258663010515e-16,3.339144432728286e-16,-0.09808106928754608,609.0,-258.52238035969185,131.0,1.0,-1.2988049206892409e-16,3.3409558173551017e-16,-0.09808106928754608,0.843380578144911
21,0.0,0.0,0.0,1.0,-1.3554766021971885e-18,1.604201336104909e-18,-3.1828906239752803e-19,2.1666666666672088,-3655.005115063326,165571.70588129899,1.0000000000000084,513.7506393829163,-2.1331063271183457e-14,1.6957614513750243e-15,2.166666666701284,1821.8828570453034,91788.53499607439,1.000000000000077,-284.6103571306658,1.2789601230966908e-13,1.0583335733973239e-13,-1.4666666666096497,8641.747381363975,167006.3138443782,1.0000000000000018,455.0044841498501,-9.576868857258132e-14,-1.4916786292496824e-13,-1.466666666663924,-4988.8518659664815,92460.18684497007,1.0000000000000193,-252.06584440554468,-3.769542852500258e-14,1.1218630625372047e-14,-17455.132389408347,6961.162157678303,508999.7296892588,0.9999999999999974,65.13418675655129,-15.570999922588719,111.96290420527886,13127.977617059192,-4345.93014634524,281169.6400437778,0.9999999999998689,-30.805729065285796,11.709830513900513,84.19925750471211,-159.99999999998036,383.5741228140404,442.07237737257464,1.0,-0.43925408758084056,-5.76971336953176e-14,1.5939705421577642e-14,-160.0000000000016,-455.5724197030424,447.9497893635144,1.0,0.24334035454954286,7.560269745021844e-15,2.0273437198597773e-14,-159.99999999993594,-23833.816266905906,293123.8154151308,1.0,-0.43925408758084933,-5.230463517679649e-14,-1.302536462029735e-13,-160.0000000000083,12947.128017602441,162425.45400780733,1.0,0.24334035454954034,4.2780365441474246e-15,3.129168299180172e-14,2912.5534298499297,51944.40329046213,251603.77768626215,1.0000000000000018,515.3130690292256,-47.044202541125564,-2.3676022226364903,-406.6142732562008,50906.40329046195,133975.5934721598,1.0000000000001728,-274.2717079347534,21.228358289934782,-4.433970939466228,-34911.31477881679,7004.210915905642,519149.4297900011,1.0,65.13418675655129,-15.570999922585989,111.9629042052788,26254.90523411831,-4503.406779308684,285983.1973259886,1.0,-30.805729065285895,11.709830513896124,84.19925750471218,525.0,34.17094357812161,131.0,1.0,-1.5282591955431344e-16,3.91998674492017e-16,-1.3325635111958612e-16,609.0,292.08547178906116,131.0,1.0,-1.530545515103496e-16,3.918373295472951e-16,-0.10169923683964766,609.0,-257.91452821093884,131.0,1.0,-1.5282591955431346e-16,3.9199867449201697e-16,-0.10169923683964766,0.8855496070521565
22,0.0,0.0,0.0,1.0,-3.3074995224088815e-18,1.0140128842378492e-18,-6.873370556041571e-19,2.1666666666678824,-4633.430685252901,204953.33508142948,1.0000000000000075,636.0538356566133,-1.9841705084131968e-14,-4.646636476044759e-17,2.166666666700355,2192.577478844109,106708.99352347651,1.0000000000000924,-330.94718485551715,1.2603112387392518e-13,1.0298295277381966e-13,-1.4666666665950805,10591.473517666565,206795.16944077573,1.0000000000000047,563.322602833328,-1.3309204690713046e-13,-1.8736524479623087e-13,-1.4666666666672443,-5727.541670003302,107534.93062364735,1.0000000000000195,-293.1041668520347,-4.1116936181407263e-14,3.122235339148251e-15,-19410.42515762223,8419.331674580631,630093.6825401476,1.0000000000000042,80.13063914157453,-17.31516558958785,124.50428590608166,14168.937666270347,-4906.10947475936,326985.0893345865,0.9999999999998778,-36.07493316557165,12.638390578187096,90.87604653839173,-159.99999999997522,345.14516676477547,438.93531973590007,1.0,-0.5438226754699962,-7.15972823690668e-14,1.578439193246106e-14,-160.00000000000335,-441.0128990171234,446.76125706262314,1.0,0.282958097912588,1.2586396006801617e-14,2.088102297354772e-14,-159.99999999992036,-29644.56571976444,362883.8209049272,1.0,-0.5438226754700073,-6.505444430246277e-14,-1.6882533927033184e-13,-160.0000000000134,15148.637909026978,188855.32219564787,1.0,0.2829580979125846,7.438433107036372e-15,2.4418287377972448e-14,3219.7192790739455,56474.030607002,310941.55629732466,1.0000000000000024,636.9068776584527,-60.09001907588869,-2.6078641005308154,-424.6300546719397,55436.03060700183,156029.47978834086,1.0000000000001645,-319.4640979269279,25.736521451723345,-4.8600648620632,-38821.9003152446,8463.599100540765,642581.6082969864,1.0,80.13063914157453,-17.31516558958519,124.50428590608162,28336.825332540622,-5071.772662779906,332621.2924484869,1.0,-36.074933165571736,12.638390578182825,90.87604653839178,525.0,35.32631707126569,131.0,1.0,-1.783050558929858e-16,4.557547145714754e-16,-1.58177627309641e-16,609.0,292.66315853563316,131.0,1.0,-1.7849464784694916e-16,4.556394754362651e-16,-0.10513784842638565,609.0,-257.33684146436684,131.0,1.0,-1.783050558929858e-16,4.557547145714754e-16,-0.10513784842638565,0.9277186359594021
23,0.0,0.0,0.0,1.0,1.3728542949124639e-18,3.0837262918711375e-18,2.0469192946384868e-19,2.166666666669159,-5823.258283798801,252843.8959229022,1.0000000000000162,784.7822854748513,-2.1585711334422263e-14,-3.444599085408466e-15,2.1666666667021364,2597.214254220985,122995.62373239598,1.0000000000001,-381.52678177762715,1.333387651854321e-13,1.0842982891158274e-13,-1.46666666657914,12962.464257544341,255180.9434286517,1.0000000000000178,695.044310604315,-1.603654878064964e-13,-2.3041370542799436e-13,-1.466666666669004,-6533.86861065005,123989.97300499392,1.0000000000000209,-337.9001079990763,-4.389499692705677e-14,-1.3112680767049663e-15,-21548.897929385777,10193.59579749411,777343.1233487908,0.9999999999999931,98.31188184094076,-19.222731990362494,138.2205966926037,15226.801790250514,-5517.240920836786,376998.3512622007,0.9999999999998628,-41.84475685144618,13.582029462036559,97.66125946511865,-159.99999999997013,298.41311694532635,435.1204585261491,1.0,-0.6709847157950272,-8.51820597798371e-14,1.5652572004225198e-14,-160.00000000000426,-425.12025543682205,445.4638984030066,1.0,0.3262033865664688,1.527474879300994e-14,2.1692674052435883e-14,-159.9999999999048,-36710.80588957829,447716.4155706524,1.0,-0.6709847157950392,-7.842584347929689e-14,-2.111383840207154e-13,-160.00000000001614,17551.72608738691,217705.20565300205,1.0,0.32620338656646547,9.33413869152619e-15,2.1231096274904217e-14,3552.721811990691,61143.549383392026,383042.67200595373,1.0000000000000087,784.6550655859711,-76.38026931266026,-2.87665909630624,-438.5241647177867,60105.54938339185,180121.50597426866,1.000000000000179,-368.83300404563266,30.82942541460383,-5.3021236428504634,-43098.845858771696,10240.382634369931,792665.9876702506,1.0,98.31188184094076,-19.222731990354486,138.2205966926036,30452.553580500964,-5691.500307029952,383535.3074183164,1.0,-41.84475685144626,13.582029462031322,97.6612594651187,525.0,36.41920193811782,131.0,1.0,-2.062865459130984e-16,5.2545213258414365e-16,-1.7900005180037804e-16,609.0,293.20960096905924,131.0,1.0,-2.064884775815544e-16,5.253272967173109e-16,-0.10839048195868392,609.0,-256.79039903094076,131.0,1.0,-2.062865459130984e-16,5.2545213258414365e-16,-0.10839048195868392,0.9698876648666476
24,0.0,0.0,0.0,1.0,-7.56980302302623e-18,-2.9160763606674377e-19,-1.4574509506132469e-18,2.1666666666653702,-7278.71045887531,311425.84596973174,1.000000000000019,966.7138073594151,-3.801885478683177e-14,8.5557467176501e-15,2.1666666667059182,3035.935758396114,140654.16427544501,1.0000000000001055,-436.36696979951864,1.4781880290348938e-13,1.200226048331424e-13,-1.4666666665621984,15862.769842705322,314368.6611110109,1.0000000000000135,856.1723986688137,-2.1372338697269307e-13,-2.7395653623356704e-13,-1.4666666666718045,-7408.116800098443,141831.1119822555,1.0000000000000235,-386.46945185732,-3.856226835717993e-14,-7.918475558916276e-15,-23904.938001107566,12365.084307238927,957456.2313585205,0.9999999999999819,120.49186623143025,-21.324373376232867,153.33239903862327,16299.112672609992,-6179.527549177855,431227.1486170841,0.9999999999998576,-48.117888302809085,14.538555183281561,104.53913488930864,-159.99999999996504,241.2483111880652,430.4539437704542,1.0,-0.8265352076515203,-9.931985091292122e-14,1.5473087739427775e-14,-160.0000000000055,-407.8888891321286,444.0572562556848,1.0,0.3730914581438656,1.8702351458767614e-14,2.2447343392511552e-14,-159.99999999988736,-45354.55783930394,551487.5707989455,1.0,-0.826535207651534,-9.574023018315314e-14,-2.570577541006392e-13,-160.0000000000201,20157.239289427394,248985.26973985846,1.0,0.37309145814386196,1.2782494087598517e-14,1.5815368301322427e-14,3915.1061230814094,65944.68448114378,471177.77457238076,0.9999999999999939,965.259783959797,-96.79704241217141,-3.1820178930364915,-448.2168516594087,64906.684481143595,206260.83968948395,1.0000000000001827,-422.3972124784506,36.52653017341588,-5.759217710940588,-47810.92600221528,12416.079538732854,976237.7020959264,1.0,120.49186623143025,-21.324373376219626,153.33239903862318,32597.17534521993,-6362.783535802193,438743.38284761744,1.0,-48.11788830280918,14.538555183277392,104.53913488930871,525.0,37.447546209394815,131.0,1.0,-2.369752026089043e-16,6.011777982098685e-16,-2.0206593720538036e-16,609.0,293.7237731046977,131.0,1.0,-2.3720880122741026e-16,6.010238763883002e-16,-0.11145103038510355,609.0,-256.2762268953023,131.0,1.0,-2.369752026089043e-16,6.011777982098685e-16,-0.11145103038510355,1.012056693773893
25,0.0,0.0,0.0,1.0,-4.2553822268281965e-18,1.1680948713464831e-18,-8.490831180289331e-19,2.166666666661504,-9077.40689050686,383823.3773429014,1.0000000000000124,1191.550861313359,-5.353683362937335e-14,2.0391527345511186e-14,2.1666666667107544,3508.6579212384763,159681.23132985024,1.0000000000001124,-495.4572401548144,1.6484120176351988e-13,1.3471908059705438e-13,-1.466666666532519,19447.06439803543,387514.8203697848,1.000000000000002,1055.2998739649306,-2.580213686006406e-13,-3.509241421549555e-13,-1.4666666666750012,-8350.118710294511,161054.92874218264,1.0000000000000229,-438.802891312657,-4.3901984310116043e-14,-1.6312341179855585e-14,-26528.718629413666,15049.930529043606,1180035.8114502593,0.9999999999999867,147.83598465620216,-23.66484543444512,170.16150764767207,17383.495735145643,-6892.8330447749095,489661.1667714818,0.9999999999998446,-54.89362757737863,15.505849564100927,111.49444210377143,-159.99999999995188,170.60213408156665,424.6869089046177,1.0,-1.018769703179408,-1.3497495857725563e-13,1.3539953819715282e-14,-160.0000000000073,-389.32210206843234,442.54160016885265,1.0,0.4236133277049432,2.361995227165881e-14,2.30798024388298e-14,-159.99999999984826,-56036.79532818771,679731.4319245109,1.0,-1.0187697031794274,-1.2666284385502408e-13,-3.343988046235504e-13,-160.0000000000251,22964.678232951897,282689.52040518203,1.0,0.4236133277049383,1.595362566103393e-14,8.797642304131367e-15,4312.088978380292,70868.91235202107,580029.0326100519,0.9999999999999826,1188.315640594369,-122.5938127780115,-3.5355670983631304,-453.6789131093501,69830.9123520209,234442.99220247462,1.0000000000001916,-480.14752500507046,42.841616953554805,-6.230350712066451,-53058.48725882754,15107.374796794385,1203081.326331489,1.0,147.83598465620216,-23.664845434439208,170.161507647672,34765.94147029123,-7085.474905965743,498235.0934349146,1.0,-54.893627577378716,15.505849564099108,111.49444210377153,525.0,38.40940915722047,131.0,1.0,-2.705410160874218e-16,6.8278413236629e-16,-2.28948886367658e-16,609.0,294.2047045786106,131.0,1.0,-2.7076372507451635e-16,6.826435143129458e-16,-0.11431371772982275,609.0,-255.79529542138945,131.0,1.0,-2.705410160874218e-16,6.8278413236629e-16,-0.11431371772982275,1.0542257226811387
26,0.0,0.0,0.0,1.0,-3.249703215746662e-18,1.907553005907139e-18,-7.01182404634454e-19,2.166666666659859,-11338.186848794614,474819.7706639835,1.000000000000016,1474.1483560993286,-6.21366539761231e-14,2.5809151855369475e-14,2.166666666711812,4015.07632709013,180064.57216537948,1.0000000000001255,-558.7595408862717,1.7037534353827369e-13,1.3790563076663488e-13,-1.466666666504973,23952.161062923977,479452.1634199177,0.9999999999999982,1305.5830220142936,-3.466924901118928e-13,-4.2129618659406825e-13,-1.4666666666760533,-9359.26772671112,181649.04385498093,1.0000000000000224,-494.86672555802426,-4.416958926986124e-14,-1.8989690993328047e-14,-29498.28202057879,18425.934570760553,1459784.239312691,0.9999999999999641,182.1287894531164,-26.31376358984702,189.2084905746086,18477.659129091477,-7656.691156325913,552262.8329249636,0.9999999999998365,-62.16798025640962,16.481868223214967,118.51248103359137,-159.99999999994205,81.80701639339453,417.4383278688486,1.0,-1.2603890710383805,-1.6177870605927848e-13,1.2326177628027666e-14,-160.00000000000784,-369.43185057261,440.91790616919366,1.0,0.47773646102690864,2.5324001576852198e-14,2.3984045830393725e-14,-159.9999999998171,-69463.29020516513,840921.0278493366,1.0,-1.2603890710384065,-1.5475570153318268e-13,-4.0694902439775313e-13,-160.00000000002694,25972.235030705928,318796.2533531984,1.0,0.477736461026903,1.7438214507807488e-14,7.010589699736706e-15,4751.8717188528,75907.47597380892,716765.3535218653,0.9999999999999717,1468.5130195120184,-155.67489541350756,-3.955213295102036,-454.9301517362629,74869.47597380873,264650.19743365346,1.0000000000002067,-542.0475357246992,49.78247929094728,-6.714462669219801,-58997.614041157794,18492.90782032708,1488177.577499531,1.0,182.12878945311644,-26.313763589823804,189.2084905746085,36954.268258182914,-7859.095213220303,561972.2418193863,1.0,-62.167980256409734,16.481868223211787,118.51248103359148,525.0,39.30296654799317,131.0,1.0,-3.071988084213718e-16,7.704736694220311e-16,-2.5448917393507556e-16,609.0,294.651483273997,131.0,1.0,-3.0739706194801353e-16,7.703564388485011e-16,-0.11697311472617022,609.0,-255.3485167260031,131.0,1.0,-3.071988084213718e-16,7.704736694220311e-16,-0.11697311472617022,1.0963947515883843
27,0.0,0.0,0.0,1.0,-1.966733687521827e-18,2.69588170805998e-18,-4.335156182001938e-19,2.1666666666610865,-14261.548332985067,592485.0704026495,1.0000000000000318,1839.5685416231356,-6.409585666192101e-14,2.263814764337085e-14,2.166666666712408,4554.6740449267645,201783.38030830407,1.0000000000001261,-626.2092556158509,1.754507265862056e-13,1.396821078891219e-13,-1.4666666664785282,29777.595787082042,598334.1831610689,1.0000000000000078,1629.2182844675199,-4.1849957851596915e-13,-4.882149775560909e-13,-1.4666666666836168,-10434.533751648987,203592.43569723173,1.0000000000000244,-554.6037269434624,-3.4514053380246e-14,-3.820670168915299e-14,-32946.95039946387,22793.062205117083,1821506.4795410451,0.9999999999999338,226.38144594111478,-29.390054302470848,211.32848569871243,19579.39287473354,-8470.317429809105,618968.2846723333,0.9999999999998364,-69.93377403523921,17.464639808402502,125.57907671755851,-159.99999999993614,-33.01186550715206,408.06535791778373,1.0,-1.572821402740548,-1.7779738104170052e-13,1.1993992301600463e-14,-160.00000000001114,-348.23843779312534,439.1878316565828,1.0,0.5354056114472749,3.447676267436217e-14,2.4265345198179822e-14,-159.99999999979676,-86824.77549573871,1049351.5098391643,1.0,-1.5728214027405787,-1.7686874663888494e-13,-4.697095147698949e-13,-160.00000000003686,29176.83969274007,357268.6123199329,1.0,0.5354056114472691,2.4499316868152454e-14,-1.033793865271012e-14,5248.6170142449155,81051.4004363704,893482.0551582223,0.9999999999999895,1830.6374081111105,-199.22906042820387,-4.471235381194242,-452.037435911182,80013.40043637021,296851.8832781731,1.000000000000212,-608.0345968815016,57.35071117796928,-7.210433574043643,-65894.95079892802,22874.053229088735,1856801.0787365148,1.0,226.3814459411148,-29.390054302449375,211.32848569871234,39157.73574946705,-8682.845299534827,629889.8453363635,1.0,-69.9337740352393,17.464639808399287,125.57907671755862,525.0,40.126515720942805,131.0,1.0,-3.47314491173386e-16,8.642560849471055e-16,-2.9237957906441896e-16,609.0,295.0632578604719,131.0,1.0,-3.4753810844754034e-16,8.641125510854935e-16,-0.11942415393137776,609.0,-254.93674213952823,131.00000000000009,1.0,-3.47314491173386e-16,8.642560849471055e-16,-0.11942415393137776,1.1385637804956297
28,0.0,0.0,0.0,1.0,-3.91190199765651e-18,1.8592479430809183e-18,-7.75156653784229e-19,2.1666666666501753,-18242.426303191904,752715.4087034748,1.0000000000000482,2337.1782878989916,-1.0115948072397937e-13,5.6193300852116434e-14,2.1666666667150682,5126.730694001405,224808.66043355828,1.0000000000001272,-697.7163367501811,1.848749631174566e-13,1.4785101405789096e-13,-1.4666666664137364,37710.362530330225,760221.3859584674,0.9999999999999871,2069.9275479813086,-5.3423031402893e-13,-6.591071300080205e-13,-1.466666666689201,-11574.48126950709,226855.80911722503,1.0000000000000238,-617.9341446022461,-2.7291977621513023e-14,-5.2625579814233026e-14,-37139.76328043854,28742.16652111298,2314062.695318926,0.9999999999999746,286.52581895221255,-33.13013885350639,238.22147461329868,20686.567341421443,-9332.62279117063,689688.491415782,0.9999999999998438,-78.18079383136156,18.45226464063626,132.68056955885814,-159.99999999990683,-189.36610359695135,395.30174664514715,1.0,-1.998275111828436,-2.572804802619485e-13,6.476960067852197e-15,-160.00000000001344,-325.7701576349092,437.3536863375449,1.0,0.596543788748544,4.0919624134980774e-14,2.479772224995587e-14,-159.99999999971487,-110466.72148739346,1333181.0391533168,1.0,-1.9982751118284707,-2.316471527370038e-13,-6.352987755295025e-13,-160.00000000004394,32574.213966156178,398055.2354375086,1.0,0.5965437887485379,2.9761211155036115e-14,-2.407796263630955e-14,5830.746694386301,86291.50915066569,1134004.7144274616,0.9999999999999795,2323.511709892339,-259.49447443036405,-5.143279562773165,-445.11239740084375,85253.50915066556,331005.2174221253,1.0000000000002118,-678.0209373404194,65.54159100011896,-7.717087428593915,-74280.57656087745,28844.4287015185,2358737.198644941,1.0,286.5258189522126,-33.130138853472914,238.22147461329862,41372.08468284284,-9555.619719082686,701897.27850539,1.0,-78.18079383136165,18.452264640630077,132.6805695588582,525.0,40.87848045349973,131.0,1.0,-3.9172430607287085e-16,9.641538079870447e-16,-3.1528779115402797e-16,609.0,295.43924022675026,131.0,1.0,-3.9193734418136896e-16,9.640200393015629e-16,-0.12166214420684454,609.0,-254.56075977324983,131.00000000000009,1.0,-3.917243060728709e-16,9.641538079870447e-16,-0.12166214420684454,1.1807328094028753
29,0.0,0.0,0.0,1.0,-1.3002880069797153e-17,-1.519407401450776e-18,-2.6145772245999394e-18,2.1666666666377843,-24331.53460638813,997802.0179071231,1.00000000000006,3098.3168257985203,-1.4361311721906205e-13,9.490092903923631e-14,2.166666666713497,5730.33248529782,249103.6325332389,1.0000000000001257,-773.166560662233,1.8140478858349778e-13,1.4321635651403683e-13,-1.4666666663504158,49844.23757124784,1007842.3173490454,0.9999999999999478,2744.0317169211776,-6.693087032174515e-13,-8.27265715407173e-13,-1.4666666666980548,-12777.289356566449,251402.00378276964,1.0000000000000242,-684.7568161055436,-2.275395461839235e-14,-7.620688907274533e-14,-42786.14529770673,37845.17766480106,3067444.190011199,1.0000000000000158,378.3444695410312,-38.166840168715034,274.43775549884384,21797.131234749457,-10242.228589600907,764310.4964955176,0.9999999999998446,-86.89593151150997,19.44291291860284,139.8038024147129,-159.9999999998795,-428.52387143555706,375.77866355628146,1.0,-2.6490445481239617,-3.312802058993884e-13,1.4086751861697404e-15,-160.00000000001725,-302.0629003680156,435.4184000300435,1.0,0.661053332331928,5.13187693645596e-14,2.499199787133309e-14,-159.9999999996323,-146629.18884230775,1767323.6470336802,1.0,-2.6490445481240075,-3.0284570048183453e-13,-7.926576915444465e-13,-160.0000000000555,36158.93097006735,441090.97117193963,1.0,0.661053332331921,3.8416375570909414e-14,-4.710627069057077e-14,6574.877827506624,91618.44064842969,1501721.6682330857,0.9999999999999749,3077.0300578546826,-352.9649930583948,-6.129890601530703,-434.3087981167861,90580.44064842969,367055.71198837826,1.000000000000212,-751.8949016155274,74.34405863112599,-8.233196746058235,-85573.34059541389,37983.30088231258,3126438.8771381504,1.0,378.34446954103123,-38.166840168715,274.43775549884384,43593.21246949887,-10476.021872298834,777879.5385170233,1.0,-86.89593151151008,19.442912918588583,139.8038024147129,525.0,41.55741557470291,131.0,1.0,-4.4253870399497757e-16,1.0707031118584712e-15,-3.490417272106409e-16,609.0,295.7787077873518,131.0,1.0,-4.4273736857381384e-16,1.0705829421440563e-15,-0.12368278444852066,609.0,-254.22129221264825,131.00000000000017,1.0,-4.425387039949776e-16,1.0707031118584712e-15,-0.12368278444852066,1.222901838310121
30,0.0,0.0,0.0,1.0,3.900399869673037e-18,2.010889638969634e-17,5.742804230863125e-19,2.166666666606019,-39831.047007160494,1621657.3920382143,1.0000000000003242,5035.755875895075,-3.004623414584521e-13,1.9764691683229995e-13,2.1666666667162313,6364.383012905905,274624.1662694645,1.0000000000001328,-852.4228766132438,1.880713648904982e-13,1.5147676308877753e-13,-1.4666666661939585,80730.39319561179,1638148.6784240287,0.9999999999998002,4459.929251608067,-1.24207054506847e-12,-1.2228402608653106e-12,-1.466666666705228,-14040.773185156919,277186.4330254866,1.000000000000025,-754.9503621383479,-1.727059932782688e-14,-9.506349297556505e-14,-54832.2450648222,61026.511395244765,4985055.519018961,0.9999999999998742,611.5255463059526,-48.91223542440491,351.70226424213087,22909.10923339106,-11197.4827634151,842698.7520930603,0.9999999999998365,-96.06334684705452,20.43482261070524,146.93610543887743,-159.99999999980562,-1037.2876844243542,326.0836584143391,1.0,-4.305544719522052,-5.312284781560451e-13,-1.3926233386157965e-14,-160.00000000002046,-277.1597287821102,433.38548806384694,1.0,0.7288170645384736,6.044295766710728e-14,2.5279560006412427e-14,-159.99999999943608,-238678.89190241095,2872411.354377178,1.0,-4.305544719522202,-4.308359470221813e-13,-1.0853493019217363e-12,-160.00000000006537,39924.479284252884,486297.64772903174,1.0,0.7288170645384644,4.5649406906091864e-14,-6.339340458220946e-14,8017.4057963967025,97022.66593533095,2437168.314562188,0.9999999999999322,4993.928923283174,-593.6057337483387,-8.531908791409338,-419.819597874588,95984.66593533102,404937.87338692095,1.0000000000002156,-829.5222815305741,83.74078191955037,-8.757487508326887,-109665.54012964499,61266.00350781259,5080418.9323445605,1.0,611.525546305953,-48.91223542424355,351.70226424213087,45817.16846678205,-11442.380268453646,857698.6052436953,1.0,-96.06334684705462,20.43482261069494,146.93610543887743,525.0,42.16201128856659,130.99999999999997,1.0,-5.149776339563464e-16,1.1882208036761777e-15,-3.68906128640931e-16,609.0,296.08100564428366,130.99999999999997,1.0,-5.151887827458553e-16,1.1880852528053781e-15,-0.12548217645406728,609.0,-253.91899435571642,131.00000000000034,1.0,-5.149776339563466e-16,1.1882208036761777e-15,-0.12548217645406726,1.2650708672173665
31,0.0,0.0,0.0,-7.469172552295738e+100,1.7828702145190328e+102,-3.758752476398615e+102,-3.0089004904942596e+102,6.20457495249281e+110,3.703880508143216e+109,2.0745992067578316e+111,-7.251643443448614e+106,9.92752140428274e+108,1.9215296206622193e+108,-1.4818817399252538e+108,9.341722403372251e+126,1.8341287397495004e+126,6.43555853248076e+127,-3.475828053644765e+122,-1.9934785395919345e+125,-3.8851618243896977e+124,2.9405594941973206e+124,1.8499853089405316e+110,6.959136291255732e+110,2.550335068093231e+111,-6.980938890428166e+107,8.341911811659854e+108,1.520422650697719e+108,-1.369211779310512e+108,9.044811934530859e+126,-2.9947919109132364e+126,6.520494384877143e+127,-7.658778719392616e+122,-1.7774856393326288e+125,-3.470946741206142e+124,2.6130760820525418e+124,1.405803727336468e+111,1.1734905771052575e+110,8.760147146788504e+111,-2.473319533292222e+107,1.140425865363385e+108,8.081220792832071e+107,-2.152573674120821e+107,2.707990218886656e+127,-1.5987875589062054e+126,1.9815522212708877e+128,-9.730280717118978e+122,-2.4466828372707315e+124,-4.3507782903641555e+123,-9.608625096479831e+123,1.0202163920929438e+110,2.806623073207291e+108,-2.7923714148823406e+111,-3.223094679476588e+106,2.1582709390494342e+108,7.820506324811418e+107,-7.085173451905839e+107,3.506088415748177e+126,-1.983731031066215e+126,1.6193722702581404e+125,-1.6536991110479413e+108,-5.397907567527108e+123,-9.387048746986177e+123,1.8782667076918252e+123,4.0374340902415467e+110,9.740218225426158e+109,5.544935804110639e+111,1.0,1.8897177717437018e+107,-1.2178513595631942e+108,-1.3784550342527472e+108,1.076806079350422e+127,2.809000339546204e+126,1.0270294381229613e+128,1.0,-4.273596455701285e+123,-8.26627839536916e+123,2.3934221723656844e+124,-3.87053806404392e+110,-5.268409671190949e+110,2.579736627861773e+111,-7.880999319243614e+105,1.13777746244058e+109,4.5794959862482024e+107,-3.4156972993537867e+108,1.3878648536073272e+127,-1.9039577406123533e+125,9.909210412682621e+127,3.901552744035464e+122,-2.0305759042543386e+125,-3.689069731271648e+123,2.794005363472494e+124,7.247080083086252e+119,4.084714714699846e+109,-7.609433983316067e+119,1.0,1.2287206779911392e+108,1.0870620103676394e+120,-4.816030585865968e+107,-6.872930182298701e+141,-1.3077768333166917e+126,7.216576691413865e+141,1.0,-2.0891464050969522e+124,-1.0309395273448091e+142,-1.0473303985771942e+124,4.1238145707588914e+110,-5.267147625046541e+109,-3.724970607514265e+110,-2.4086231771508798e+101,-1.58142869158483e+107,-3.048234277373618e+107,1.554349231799667e+107,3.268922493267246e+110,-5.267238429318168e+109,-4.5947547806474115e+110,-1.0885452831921558e+96,-4.963290818508015e+101,-9.56689589789492e+101,-4.616478818605082e+102,4.9787066482487075e+110,-2.997851731529837e+110,-1.033536243958065e+111,0.9845159040209317,-1.58142869158483e+107,-3.048234277373618e+107,-1.4709156510523394e+108,1.3072398961246119
32,,,,,,,,,,,,,,,,,,,,,,,,,,,,,,,,,,,,,,,,,,,,,,,,,,,,,,,,,,,,,,,,,,,,,,,,,,,,,,,,,,,,,,,,,,,,,,,,,,,,,,,,,,,,,,,,,,,,,,,,,,,,,,,1.3494089250318575
33,,,,,,,,,,,,,,,,,,,,,,,,,,,,,,,,,,,,,,,,,,,,,,,,,,,,,,,,,,,,,,,,,,,,,,,,,,,,,,,,,,,,,,,,,,,,,,,,,,,,,,,,,,,,,,,,,,,,,,,,,,,,,,,1.391577953939103
34,,,,,,,,,,,,,,,,,,,,,,,,,,,,,,,,,,,,,,,,,,,,,,,,,,,,,,,,,,,,,,,,,,,,,,,,,,,,,,,,,,,,,,,,,,,,,,,,,,,,,,,,,,,,,,,,,,,,,,,,,,,,,,,1.4337469828463485
35,,,,,,,,,,,,,,,,,,,,,,,,,,,,,,,,,,,,,,,,,,,,,,,,,,,,,,,,,,,,,,,,,,,,,,,,,,,,,,,,,,,,,,,,,,,,,,,,,,,,,,,,,,,,,,,,,,,,,,,,,,,,,,,1.475916011753594
36,,,,,,,,,,,,,,,,,,,,,,,,,,,,,,,,,,,,,,,,,,,,,,,,,,,,,,,,,,,,,,,,,,,,,,,,,,,,,,,,,,,,,,,,,,,,,,,,,,,,,,,,,,,,,,,,,,,,,,,,,,,,,,,1.5180850406608397
37,,,,,,,,,,,,,,,,,,,,,,,,,,,,,,,,,,,,,,,,,,,,,,,,,,,,,,,,,,,,,,,,,,,,,,,,,,,,,,,,,,,,,,,,,,,,,,,,,,,,,,,,,,,,,,,,,,,,,,,,,,,,,,,1.5602540695680853
38,,,,,,,,,,,,,,,,,,,,,,,,,,,,,,,,,,,,,,,,,,,,,,,,,,,,,,,,,,,,,,,,,,,,,,,,,,,,,,,,,,,,,,,,,,,,,,,,,,,,,,,,,,,,,,,,,,,,,,,,,,,,,,,1.6024230984753307
39,,,,,,,,,,,,,,,,,,,,,,,,,,,,,,,,,,,,,,,,,,,,,,,,,,,,,,,,,,,,,,,,,,,,,,,,,,,,,,,,,,,,,,,,,,,,,,,,,,,,,,,,,,,,,,,,,,,,,,,,,,,,,,,1.6445921273825763
40,,,,,,,,,,,,,,,,,,,,,,,,,,,,,,,,,,,,,,,,,,,,,,,,,,,,,,,,,,,,,,,,,,,,,,,,,,,,,,,,,,,,,,,,,,,,,,,,,,,,,,,,,,,,,,,,,,,,,,,,,,,,,,,1.686761156289822
41,,,,,,,,,,,,,,,,,,,,,,,,,,,,,,,,,,,,,,,,,,,,,,,,,,,,,,,,,,,,,,,,,,,,,,,,,,,,,,,,,,,,,,,,,,,,,,,,,,,,,,,,,,,,,,,,,,,,,,,,,,,,,,,1.7289301851970673
42,,,,,,,,,,,,,,,,,,,,,,,,,,,,,,,,,,,,,,,,,,,,,,,,,,,,,,,,,,,,,,,,,,,,,,,,,,,,,,,,,,,,,,,,,,,,,,,,,,,,,,,,,,,,,,,,,,,,,,,,,,,,,,,1.771099214104313
43,,,,,,,,,,,,,,,,,,,,,,,,,,,,,,,,,,,,,,,,,,,,,,,,,,,,,,,,,,,,,,,,,,,,,,,,,,,,,,,,,,,,,,,,,,,,,,,,,,,,,,,,,,,,,,,,,,,,,,,,,,,,,,,1.8132682430115585
44,,,,,,,,,,,,,,,,,,,,,,,,,,,,,,,,,,,,,,,,,,,,,,,,,,,,,,,,,,,,,,,,,,,,,,,,,,,,,,,,,,,,,,,,,,,,,,,,,,,,,,,,,,,,,,,,,,,,,,,,,,,,,,,1.8554372719188041
45,,,,,,,,,,,,,,,,,,,,,,,,,,,,,,,,,,,,,,,,,,,,,,,,,,,,,,,,,,,,,,,,,,,,,,,,,,,,,,,,,,,,,,,,,,,,,,,,,,,,,,,,,,,,,,,,,,,,,,,,,,,,,,,1.8976063008260495
46,,,,,,,,,,,,,,,,,,,,,,,,,,,,,,,,,,,,,,,,,,,,,,,,,,,,,,,,,,,,,,,,,,,,,,,,,,,,,,,,,,,,,,,,,,,,,,,,,,,,,,,,,,,,,,,,,,,,,,,,,,,,,,,1.9397753297332951
47,,,,,,,,,,,,,,,,,,,,,,,,,,,,,,,,,,,,,,,,,,,,,,,,,,,,,,,,,,,,,,,,,,,,,,,,,,,,,,,,,,,,,,,,,,,,,,,,,,,,,,,,,,,,,,,,,,,,,,,,,,,,,,,1.9819443586405407
48,,,,,,,,,,,,,,,,,,,,,,,,,,,,,,,,,,,,,,,,,,,,,,,,,,,,,,,,,,,,,,,,,,,,,,,,,,,,,,,,,,,,,,,,,,,,,,,,,,,,,,,,,,,,,,,,,,,,,,,,,,,,,,,2.024113387547786
49,,,,,,,,,,,,,,,,,,,,,,,,,,,,,,,,,,,,,,,,,,,,,,,,,,,,,,,,,,,,,,,,,,,,,,,,,,,,,,,,,,,,,,,,,,,,,,,,,,,,,,,,,,,,,,,,,,,,,,,,,,,,,,,2.066282416455032
50,,,,,,,,,,,,,,,,,,,,,,,,,,,,,,,,,,,,,,,,,,,,,,,,,,,,,,,,,,,,,,,,,,,,,,,,,,,,,,,,,,,,,,,,,,,,,,,,,,,,,,,,,,,,,,,,,,,,,,,,,,,,,,,2.1084514453622774
51,,,,,,,,,,,,,,,,,,,,,,,,,,,,,,,,,,,,,,,,,,,,,,,,,,,,,,,,,,,,,,,,,,,,,,,,,,,,,,,,,,,,,,,,,,,,,,,,,,,,,,,,,,,,,,,,,,,,,,,,,,,,,,,2.1506204742695227
52,,,,,,,,,,,,,,,,,,,,,,,,,,,,,,,,,,,,,,,,,,,,,,,,,,,,,,,,,,,,,,,,,,,,,,,,,,,,,,,,,,,,,,,,,,,,,,,,,,,,,,,,,,,,,,,,,,,,,,,,,,,,,,,2.1927895031767686
53,,,,,,,,,,,,,,,,,,,,,,,,,,,,,,,,,,,,,,,,,,,,,,,,,,,,,,,,,,,,,,,,,,,,,,,,,,,,,,,,,,,,,,,,,,,,,,,,,,,,,,,,,,,,,,,,,,,,,,,,,,,,,,,2.234958532084014
54,,,,,,,,,,,,,,,,,,,,,,,,,,,,,,,,,,,,,,,,,,,,,,,,,,,,,,,,,,,,,,,,,,,,,,,,,,,,,,,,,,,,,,,,,,,,,,,,,,,,,,,,,,,,,,,,,,,,,,,,,,,,,,,2.2771275609912593
55,,,,,,,,,,,,,,,,,,,,,,,,,,,,,,,,,,,,,,,,,,,,,,,,,,,,,,,,,,,,,,,,,,,,,,,,,,,,,,,,,,,,,,,,,,,,,,,,,,,,,,,,,,,,,,,,,,,,,,,,,,,,,,,2.319296589898505
56,,,,,,,,,,,,,,,,,,,,,,,,,,,,,,,,,,,,,,,,,,,,,,,,,,,,,,,,,,,,,,,,,,,,,,,,,,,,,,,,,,,,,,,,,,,,,,,,,,,,,,,,,,,,,,,,,,,,,,,,,,,,,,,2.3614656188057506
57,,,,,,,,,,,,,,,,,,,,,,,,,,,,,,,,,,,,,,,,,,,,,,,,,,,,,,,,,,,,,,,,,,,,,,,,,,,,,,,,,,,,,,,,,,,,,,,,,,,,,,,,,,,,,,,,,,,,,,,,,,,,,,,2.403634647712996
58,,,,,,,,,,,,,,,,,,,,,,,,,,,,,,,,,,,,,,,,,,,,,,,,,,,,,,,,,,,,,,,,,,,,,,,,,,,,,,,,,,,,,,,,,,,,,,,,,,,,,,,,,,,,,,,,,,,,,,,,,,,,,,,2.445803676620242
59,,,,,,,,,,,,,,,,,,,,,,,,,,,,,,,,,,,,,,,,,,,,,,,,,,,,,,,,,,,,,,,,,,,,,,,,,,,,,,,,,,,,,,,,,,,,,,,,,,,,,,,,,,,,,,,,,,,,,,,,,,,,,,,2.487972705527487
60,,,,,,,,,,,,,,,,,,,,,,,,,,,,,,,,,,,,,,,,,,,,,,,,,,,,,,,,,,,,,,,,,,,,,,,,,,,,,,,,,,,,,,,,,,,,,,,,,,,,,,,,,,,,,,,,,,,,,,,,,,,,,,,2.530141734434733
61,,,,,,,,,,,,,,,,,,,,,,,,,,,,,,,,,,,,,,,,,,,,,,,,,,,,,,,,,,,,,,,,,,,,,,,,,,,,,,,,,,,,,,,,,,,,,,,,,,,,,,,,,,,,,,,,,,,,,,,,,,,,,,,2.5723107633419784
62,,,,,,,,,,,,,,,,,,,,,,,,,,,,,,,,,,,,,,,,,,,,,,,,,,,,,,,,,,,,,,,,,,,,,,,,,,,,,,,,,,,,,,,,,,,,,,,,,,,,,,,,,,,,,,,,,,,,,,,,,,,,,,,2.6144797922492238
63,,,,,,,,,,,,,,,,,,,,,,,,,,,,,,,,,,,,,,,,,,,,,,,,,,,,,,,,,,,,,,,,,,,,,,,,,,,,,,,,,,,,,,,,,,,,,,,,,,,,,,,,,,,,,,,,,,,,,,,,,,,,,,,2.6566488211564696
64,,,,,,,,,,,,,,,,,,,,,,,,,,,,,,,,,,,,,,,,,,,,,,,,,,,,,,,,,,,,,,,,,,,,,,,,,,,,,,,,,,,,,,,,,,,,,,,,,,,,,,,,,,,,,,,,,,,,,,,,,,,,,,,2.698817850063715
65,,,,,,,,,,,,,,,,,,,,,,,,,,,,,,,,,,,,,,,,,,,,,,,,,,,,,,,,,,,,,,,,,,,,,,,,,,,,,,,,,,,,,,,,,,,,,,,,,,,,,,,,,,,,,,,,,,,,,,,,,,,,,,,2.7409868789709604
66,,,,,,,,,,,,,,,,,,,,,,,,,,,,,,,,,,,,,,,,,,,,,,,,,,,,,,,,,,,,,,,,,,,,,,,,,,,,,,,,,,,,,,,,,,,,,,,,,,,,,,,,,,,,,,,,,,,,,,,,,,,,,,,2.783155907878206
67,,,,,,,,,,,,,,,,,,,,,,,,,,,,,,,,,,,,,,,,,,,,,,,,,,,,,,,,,,,,,,,,,,,,,,,,,,,,,,,,,,,,,,,,,,,,,,,,,,,,,,,,,,,,,,,,,,,,,,,,,,,,,,,2.8253249367854516
68,,,,,,,,,,,,,,,,,,,,,,,,,,,,,,,,,,,,,,,,,,,,,,,,,,,,,,,,,,,,,,,,,,,,,,,,,,,,,,,,,,,,,,,,,,,,,,,,,,,,,,,,,,,,,,,,,,,,,,,,,,,,,,,2.867493965692697
69,,,,,,,,,,,,,,,,,,,,,,,,,,,,,,,,,,,,,,,,,,,,,,,,,,,,,,,,,,,,,,,,,,,,,,,,,,,,,,,,,,,,,,,,,,,,,,,,,,,,,,,,,,,,,,,,,,,,,,,,,,,,,,,2.909662994599943
70,,,,,,,,,,,,,,,,,,,,,,,,,,,,,,,,,,,,,,,,,,,,,,,,,,,,,,,,,,,,,,,,,,,,,,,,,,,,,,,,,,,,,,,,,,,,,,,,,,,,,,,,,,,,,,,,,,,,,,,,,,,,,,,2.951832023507188
71,,,,,,,,,,,,,,,,,,,,,,,,,,,,,,,,,,,,,,,,,,,,,,,,,,,,,,,,,,,,,,,,,,,,,,,,,,,,,,,,,,,,,,,,,,,,,,,,,,,,,,,,,,,,,,,,,,,,,,,,,,,,,,,2.994001052414434
72,,,,,,,,,,,,,,,,,,,,,,,,,,,,,,,,,,,,,,,,,,,,,,,,,,,,,,,,,,,,,,,,,,,,,,,,,,,,,,,,,,,,,,,,,,,,,,,,,,,,,,,,,,,,,,,,,,,,,,,,,,,,,,,3.0361700813216794
73,,,,,,,,,,,,,,,,,,,,,,,,,,,,,,,,,,,,,,,,,,,,,,,,,,,,,,,,,,,,,,,,,,,,,,,,,,,,,,,,,,,,,,,,,,,,,,,,,,,,,,,,,,,,,,,,,,,,,,,,,,,,,,,3.078339110228925
74,,,,,,,,,,,,,,,,,,,,,,,,,,,,,,,,,,,,,,,,,,,,,,,,,,,,,,,,,,,,,,,,,,,,,,,,,,,,,,,,,,,,,,,,,,,,,,,,,,,,,,,,,,,,,,,,,,,,,,,,,,,,,,,3.1205081391361706
75,,,,,,,,,,,,,,,,,,,,,,,,,,,,,,,,,,,,,,,,,,,,,,,,,,,,,,,,,,,,,,,,,,,,,,,,,,,,,,,,,,,,,,,,,,,,,,,,,,,,,,,,,,,,,,,,,,,,,,,,,,,,,,,3.162677168043416
76,,,,,,,,,,,,,,,,,,,,,,,,,,,,,,,,,,,,,,,,,,,,,,,,,,,,,,,,,,,,,,,,,,,,,,,,,,,,,,,,,,,,,,,,,,,,,,,,,,,,,,,,,,,,,,,,,,,,,,,,,,,,,,,3.2048461969506614
77,,,,,,,,,,,,,,,,,,,,,,,,,,,,,,,,,,,,,,,,,,,,,,,,,,,,,,,,,,,,,,,,,,,,,,,,,,,,,,,,,,,,,,,,,,,,,,,,,,,,,,,,,,,,,,,,,,,,,,,,,,,,,,,3.2470152258579073
78,,,,,,,,,,,,,,,,,,,,,,,,,,,,,,,,,,,,,,,,,,,,,,,,,,,,,,,,,,,,,,,,,,,,,,,,,,,,,,,,,,,,,,,,,,,,,,,,,,,,,,,,,,,,,,,,,,,,,,,,,,,,,,,3.2891842547651526
79,,,,,,,,,,,,,,,,,,,,,,,,,,,,,,,,,,,,,,,,,,,,,,,,,,,,,,,,,,,,,,,,,,,,,,,,,,,,,,,,,,,,,,,,,,,,,,,,,,,,,,,,,,,,,,,,,,,,,,,,,,,,,,,3.331353283672398
80,,,,,,,,,,,,,,,,,,,,,,,,,,,,,,,,,,,,,,,,,,,,,,,,,,,,,,,,,,,,,,,,,,,,,,,,,,,,,,,,,,,,,,,,,,,,,,,,,,,,,,,,,,,,,,,,,,,,,,,,,,,,,,,3.373522312579644
81,,,,,,,,,,,,,,,,,,,,,,,,,,,,,,,,,,,,,,,,,,,,,,,,,,,,,,,,,,,,,,,,,,,,,,,,,,,,,,,,,,,,,,,,,,,,,,,,,,,,,,,,,,,,,,,,,,,,,,,,,,,,,,,3.4156913414868892
82,,,,,,,,,,,,,,,,,,,,,,,,,,,,,,,,,,,,,,,,,,,,,,,,,,,,,,,,,,,,,,,,,,,,,,,,,,,,,,,,,,,,,,,,,,,,,,,,,,,,,,,,,,,,,,,,,,,,,,,,,,,,,,,3.4578603703941346
83,,,,,,,,,,,,,,,,,,,,,,,,,,,,,,,,,,,,,,,,,,,,,,,,,,,,,,,,,,,,,,,,,,,,,,,,,,,,,,,,,,,,,,,,,,,,,,,,,,,,,,,,,,,,,,,,,,,,,,,,,,,,,,,3.5000293993013805
84,,,,,,,,,,,,,,,,,,,,,,,,,,,,,,,,,,,,,,,,,,,,,,,,,,,,,,,,,,,,,,,,,,,,,,,,,,,,,,,,,,,,,,,,,,,,,,,,,,,,,,,,,,,,,,,,,,,,,,,,,,,,,,,3.542198428208626
85,,,,,,,,,,,,,,,,,,,,,,,,,,,,,,,,,,,,,,,,,,,,,,,,,,,,,,,,,,,,,,,,,,,,,,,,,,,,,,,,,,,,,,,,,,,,,,,,,,,,,,,,,,,,,,,,,,,,,,,,,,,,,,,3.5843674571158717
86,,,,,,,,,,,,,,,,,,,,,,,,,,,,,,,,,,,,,,,,,,,,,,,,,,,,,,,,,,,,,,,,,,,,,,,,,,,,,,,,,,,,,,,,,,,,,,,,,,,,,,,,,,,,,,,,,,,,,,,,,,,,,,,3.626536486023117
87,,,,,,,,,,,,,,,,,,,,,,,,,,,,,,,,,,,,,,,,,,,,,,,,,,,,,,,,,,,,,,,,,,,,,,,,,,,,,,,,,,,,,,,,,,,,,,,,,,,,,,,,,,,,,,,,,,,,,,,,,,,,,,,3.6687055149303625
88,,,,,,,,,,,,,,,,,,,,,,,,,,,,,,,,,,,,,,,,,,,,,,,,,,,,,,,,,,,,,,,,,,,,,,,,,,,,,,,,,,,,,,,,,,,,,,,,,,,,,,,,,,,,,,,,,,,,,,,,,,,,,,,3.7108745438376083
89,,,,,,,,,,,,,,,,,,,,,,,,,,,,,,,,,,,,,,,,,,,,,,,,,,,,,,,,,,,,,,,,,,,,,,,,,,,,,,,,,,,,,,,,,,,,,,,,,,,,,,,,,,,,,,,,,,,,,,,,,,,,,,,3.7530435727448537
90,,,,,,,,,,,,,,,,,,,,,,,,,,,,,,,,,,,,,,,,,,,,,,,,,,,,,,,,,,,,,,,,,,,,,,,,,,,,,,,,,,,,,,,,,,,,,,,,,,,,,,,,,,,,,,,,,,,,,,,,,,,,,,,3.795212601652099
91,,,,,,,,,,,,,,,,,,,,,,,,,,,,,,,,,,,,,,,,,,,,,,,,,,,,,,,,,,,,,,,,,,,,,,,,,,,,,,,,,,,,,,,,,,,,,,,,,,,,,,,,,,,,,,,,,,,,,,,,,,,,,,,3.837381630559345
92,,,,,,,,,,,,,,,,,,,,,,,,,,,,,,,,,,,,,,,,,,,,,,,,,,,,,,,,,,,,,,,,,,,,,,,,,,,,,,,,,,,,,,,,,,,,,,,,,,,,,,,,,,,,,,,,,,,,,,,,,,,,,,,3.8795506594665903
93,,,,,,,,,,,,,,,,,,,,,,,,,,,,,,,,,,,,,,,,,,,,,,,,,,,,,,,,,,,,,,,,,,,,,,,,,,,,,,,,,,,,,,,,,,,,,,,,,,,,,,,,,,,,,,,,,,,,,,,,,,,,,,,3.9217196883738357
94,,,,,,,,,,,,,,,,,,,,,,,,,,,,,,,,,,,,,,,,,,,,,,,,,,,,,,,,,,,,,,,,,,,,,,,,,,,,,,,,,,,,,,,,,,,,,,,,,,,,,,,,,,,,,,,,,,,,,,,,,,,,,,,3.9638887172810815
95,,,,,,,,,,,,,,,,,,,,,,,,,,,,,,,,,,,,,,,,,,,,,,,,,,,,,,,,,,,,,,,,,,,,,,,,,,,,,,,,,,,,,,,,,,,,,,,,,,,,,,,,,,,,,,,,,,,,,,,,,,,,,,,4.006057746188327
96,,,,,,,,,,,,,,,,,,,,,,,,,,,,,,,,,,,,,,,,,,,,,,,,,,,,,,,,,,,,,,,,,,,,,,,,,,,,,,,,,,,,,,,,,,,,,,,,,,,,,,,,,,,,,,,,,,,,,,,,,,,,,,,4.048226775095572
97,,,,,,,,,,,,,,,,,,,,,,,,,,,,,,,,,,,,,,,,,,,,,,,,,,,,,,,,,,,,,,,,,,,,,,,,,,,,,,,,,,,,,,,,,,,,,,,,,,,,,,,,,,,,,,,,,,,,,,,,,,,,,,,4.090395804002818
98,,,,,,,,,,,,,,,,,,,,,,,,,,,,,,,,,,,,,,,,,,,,,,,,,,,,,,,,,,,,,,,,,,,,,,,,,,,,,,,,,,,,,,,,,,,,,,,,,,,,,,,,,,,,,,,,,,,,,,,,,,,,,,,4.132564832910064
99,,,,,,,,,,,,,,,,,,,,,,,,,,,,,,,,,,,,,,,,,,,,,,,,,,,,,,,,,,,,,,,,,,,,,,,,,,,,,,,,,,,,,,,,,,,,,,,,,,,,,,,,,,,,,,,,,,,,,,,,,,,,,,,4.174733861817309
100,,,,,,,,,,,,,,,,,,,,,,,,,,,,,,,,,,,,,,,,,,,,,,,,,,,,,,,,,,,,,,,,,,,,,,,,,,,,,,,,,,,,,,,,,,,,,,,,,,,,,,,,,,,,,,,,,,,,,,,,,,,,,,,4.216902890724555
101,,,,,,,,,,,,,,,,,,,,,,,,,,,,,,,,,,,,,,,,,,,,,,,,,,,,,,,,,,,,,,,,,,,,,,,,,,,,,,,,,,,,,,,,,,,,,,,,,,,,,,,,,,,,,,,,,,,,,,,,,,,,,,,4.2590719196318005
102,,,,,,,,,,,,,,,,,,,,,,,,,,,,,,,,,,,,,,,,,,,,,,,,,,,,,,,,,,,,,,,,,,,,,,,,,,,,,,,,,,,,,,,,,,,,,,,,,,,,,,,,,,,,,,,,,,,,,,,,,,,,,,,4.3012409485390455
103,,,,,,,,,,,,,,,,,,,,,,,,,,,,,,,,,,,,,,,,,,,,,,,,,,,,,,,,,,,,,,,,,,,,,,,,,,,,,,,,,,,,,,,,,,,,,,,,,,,,,,,,,,,,,,,,,,,,,,,,,,,,,,,4.343409977446291
104,,,,,,,,,,,,,,,,,,,,,,,,,,,,,,,,,,,,,,,,,,,,,,,,,,,,,,,,,,,,,,,,,,,,,,,,,,,,,,,,,,,,,,,,,,,,,,,,,,,,,,,,,,,,,,,,,,,,,,,,,,,,,,,4.385579006353537
105,,,,,,,,,,,,,,,,,,,,,,,,,,,,,,,,,,,,,,,,,,,,,,,,,,,,,,,,,,,,,,,,,,,,,,,,,,,,,,,,,,,,,,,,,,,,,,,,,,,,,,,,,,,,,,,,,,,,,,,,,,,,,,,4.427748035260782
106,,,,,,,,,,,,,,,,,,,,,,,,,,,,,,,,,,,,,,,,,,,,,,,,,,,,,,,,,,,,,,,,,,,,,,,,,,,,,,,,,,,,,,,,,,,,,,,,,,,,,,,,,,,,,,,,,,,,,,,,,,,,,,,4.469917064168028
107,,,,,,,,,,,,,,,,,,,,,,,,,,,,,,,,,,,,,,,,,,,,,,,,,,,,,,,,,,,,,,,,,,,,,,,,,,,,,,,,,,,,,,,,,,,,,,,,,,,,,,,,,,,,,,,,,,,,,,,,,,,,,,,4.512086093075274
108,,,,,,,,,,,,,,,,,,,,,,,,,,,,,,,,,,,,,,,,,,,,,,,,,,,,,,,,,,,,,,,,,,,,,,,,,,,,,,,,,,,,,,,,,,,,,,,,,,,,,,,,,,,,,,,,,,,,,,,,,,,,,,,4.554255121982519
109,,,,,,,,,,,,,,,,,,,,,,,,,,,,,,,,,,,,,,,,,,,,,,,,,,,,,,,,,,,,,,,,,,,,,,,,,,,,,,,,,,,,,,,,,,,,,,,,,,,,,,,,,,,,,,,,,,,,,,,,,,,,,,,4.5964241508897645
110,,,,,,,,,,,,,,,,,,,,,,,,,,,,,,,,,,,,,,,,,,,,,,,,,,,,,,,,,,,,,,,,,,,,,,,,,,,,,,,,,,,,,,,,,,,,,,,,,,,,,,,,,,,,,,,,,,,,,,,,,,,,,,,4.63859317979701
111,,,,,,,,,,,,,,,,,,,,,,,,,,,,,,,,,,,,,,,,,,,,,,,,,,,,,,,,,,,,,,,,,,,,,,,,,,,,,,,,,,,,,,,,,,,,,,,,,,,,,,,,,,,,,,,,,,,,,,,,,,,,,,,4.680762208704255
112,,,,,,,,,,,,,,,,,,,,,,,,,,,,,,,,,,,,,,,,,,,,,,,,,,,,,,,,,,,,,,,,,,,,,,,,,,,,,,,,,,,,,,,,,,,,,,,,,,,,,,,,,,,,,,,,,,,,,,,,,,,,,,,4.722931237611501
113,,,,,,,,,,,,,,,,,,,,,,,,,,,,,,,,,,,,,,,,,,,,,,,,,,,,,,,,,,,,,,,,,,,,,,,,,,,,,,,,,,,,,,,,,,,,,,,,,,,,,,,,,,,,,,,,,,,,,,,,,,,,,,,4.765100266518747
114,,,,,,,,,,,,,,,,,,,,,,,,,,,,,,,,,,,,,,,,,,,,,,,,,,,,,,,,,,,,,,,,,,,,,,,,,,,,,,,,,,,,,,,,,,,,,,,,,,,,,,,,,,,,,,,,,,,,,,,,,,,,,,,4.807269295425992
115,,,,,,,,,,,,,,,,,,,,,,,,,,,,,,,,,,,,,,,,,,,,,,,,,,,,,,,,,,,,,,,,,,,,,,,,,,,,,,,,,,,,,,,,,,,,,,,,,,,,,,,,,,,,,,,,,,,,,,,,,,,,,,,4.849438324333238
116,,,,,,,,,,,,,,,,,,,,,,,,,,,,,,,,,,,,,,,,,,,,,,,,,,,,,,,,,,,,,,,,,,,,,,,,,,,,,,,,,,,,,,,,,,,,,,,,,,,,,,,,,,,,,,,,,,,,,,,,,,,,,,,4.891607353240484
117,,,,,,,,,,,,,,,,,,,,,,,,,,,,,,,,,,,,,,,,,,,,,,,,,,,,,,,,,,,,,,,,,,,,,,,,,,,,,,,,,,,,,,,,,,,,,,,,,,,,,,,,,,,,,,,,,,,,,,,,,,,,,,,4.933776382147729
118,,,,,,,,,,,,,,,,,,,,,,,,,,,,,,,,,,,,,,,,,,,,,,,,,,,,,,,,,,,,,,,,,,,,,,,,,,,,,,,,,,,,,,,,,,,,,,,,,,,,,,,,,,,,,,,,,,,,,,,,,,,,,,,4.975945411054974
119,,,,,,,,,,,,,,,,,,,,,,,,,,,,,,,,,,,,,,,,,,,,,,,,,,,,,,,,,,,,,,,,,,,,,,,,,,,,,,,,,,,,,,,,,,,,,,,,,,,,,,,,,,,,,,,,,,,,,,,,,,,,,,,5.01811443996222
120,,,,,,,,,,,,,,,,,,,,,,,,,,,,,,,,,,,,,,,,,,,,,,,,,,,,,,,,,,,,,,,,,,,,,,,,,,,,,,,,,,,,,,,,,,,,,,,,,,,,,,,,,,,,,,,,,,,,,,,,,,,,,,,5.060283468869466
121,,,,,,,,,,,,,,,,,,,,,,,,,,,,,,,,,,,,,,,,,,,,,,,,,,,,,,,,,,,,,,,,,,,,,,,,,,,,,,,,,,,,,,,,,,,,,,,,,,,,,,,,,,,,,,,,,,,,,,,,,,,,,,,5.102452497776711
122,,,,,,,,,,,,,,,,,,,,,,,,,,,,,,,,,,,,,,,,,,,,,,,,,,,,,,,,,,,,,,,,,,,,,,,,,,,,,,,,,,,,,,,,,,,,,,,,,,,,,,,,,,,,,,,,,,,,,,,,,,,,,,,5.144621526683957
123,,,,,,,,,,,,,,,,,,,,,,,,,,,,,,,,,,,,,,,,,,,,,,,,,,,,,,,,,,,,,,,,,,,,,,,,,,,,,,,,,,,,,,,,,,,,,,,,,,,,,,,,,,,,,,,,,,,,,,,,,,,,,,,5.186790555591203
124,,,,,,,,,,,,,,,,,,,,,,,,,,,,,,,,,,,,,,,,,,,,,,,,,,,,,,,,,,,,,,,,,,,,,,,,,,,,,,,,,,,,,,,,,,,,,,,,,,,,,,,,,,,,,,,,,,,,,,,,,,,,,,,5.2289595844984476
125,,,,,,,,,,,,,,,,,,,,,,,,,,,,,,,,,,,,,,,,,,,,,,,,,,,,,,,,,,,,,,,,,,,,,,,,,,,,,,,,,,,,,,,,,,,,,,,,,,,,,,,,,,,,,,,,,,,,,,,,,,,,,,,5.271128613405693
126,,,,,,,,,,,,,,,,,,,,,,,,,,,,,,,,,,,,,,,,,,,,,,,,,,,,,,,,,,,,,,,,,,,,,,,,,,,,,,,,,,,,,,,,,,,,,,,,,,,,,,,,,,,,,,,,,,,,,,,,,,,,,,,5.313297642312939
127,,,,,,,,,,,,,,,,,,,,,,,,,,,,,,,,,,,,,,,,,,,,,,,,,,,,,,,,,,,,,,,,,,,,,,,,,,,,,,,,,,,,,,,,,,,,,,,,,,,,,,,,,,,,,,,,,,,,,,,,,,,,,,,5.355466671220184
128,,,,,,,,,,,,,,,,,,,,,,,,,,,,,,,,,,,,,,,,,,,,,,,,,,,,,,,,,,,,,,,,,,,,,,,,,,,,,,,,,,,,,,,,,,,,,,,,,,,,,,,,,,,,,,,,,,,,,,,,,,,,,,,5.39763570012743
129,,,,,,,,,,,,,,,,,,,,,,,,,,,,,,,,,,,,,,,,,,,,,,,,,,,,,,,,,,,,,,,,,,,,,,,,,,,,,,,,,,,,,,,,,,,,,,,,,,,,,,,,,,,,,,,,,,,,,,,,,,,,,,,5.439804729034676
130,,,,,,,,,,,,,,,,,,,,,,,,,,,,,,,,,,,,,,,,,,,,,,,,,,,,,,,,,,,,,,,,,,,,,,,,,,,,,,,,,,,,,,,,,,,,,,,,,,,,,,,,,,,,,,,,,,,,,,,,,,,,,,,5.481973757941921
131,,,,,,,,,,,,,,,,,,,,,,,,,,,,,,,,,,,,,,,,,,,,,,,,,,,,,,,,,,,,,,,,,,,,,,,,,,,,,,,,,,,,,,,,,,,,,,,,,,,,,,,,,,,,,,,,,,,,,,,,,,,,,,,5.524142786849167
132,,,,,,,,,,,,,,,,,,,,,,,,,,,,,,,,,,,,,,,,,,,,,,,,,,,,,,,,,,,,,,,,,,,,,,,,,,,,,,,,,,,,,,,,,,,,,,,,,,,,,,,,,,,,,,,,,,,,,,,,,,,,,,,5.566311815756412
133,,,,,,,,,,,,,,,,,,,,,,,,,,,,,,,,,,,,,,,,,,,,,,,,,,,,,,,,,,,,,,,,,,,,,,,,,,,,,,,,,,,,,,,,,,,,,,,,,,,,,,,,,,,,,,,,,,,,,,,,,,,,,,,5.608480844663657
134,,,,,,,,,,,,,,,,,,,,,,,,,,,,,,,,,,,,,,,,,,,,,,,,,,,,,,,,,,,,,,,,,,,,,,,,,,,,,,,,,,,,,,,,,,,,,,,,,,,,,,,,,,,,,,,,,,,,,,,,,,,,,,,5.650649873570903
135,,,,,,,,,,,,,,,,,,,,,,,,,,,,,,,,,,,,,,,,,,,,,,,,,,,,,,,,,,,,,,,,,,,,,,,,,,,,,,,,,,,,,,,,,,,,,,,,,,,,,,,,,,,,,,,,,,,,,,,,,,,,,,,5.692818902478149
136,,,,,,,,,,,,,,,,,,,,,,,,,,,,,,,,,,,,,,,,,,,,,,,,,,,,,,,,,,,,,,,,,,,,,,,,,,,,,,,,,,,,,,,,,,,,,,,,,,,,,,,,,,,,,,,,,,,,,,,,,,,,,,,5.734987931385394
137,,,,,,,,,,,,,,,,,,,,,,,,,,,,,,,,,,,,,,,,,,,,,,,,,,,,,,,,,,,,,,,,,,,,,,,,,,,,,,,,,,,,,,,,,,,,,,,,,,,,,,,,,,,,,,,,,,,,,,,,,,,,,,,5.77715696029264
138,,,,,,,,,,,,,,,,,,,,,,,,,,,,,,,,,,,,,,,,,,,,,,,,,,,,,,,,,,,,,,,,,,,,,,,,,,,,,,,,,,,,,,,,,,,,,,,,,,,,,,,,,,,,,,,,,,,,,,,,,,,,,,,5.819325989199886
139,,,,,,,,,,,,,,,,,,,,,,,,,,,,,,,,,,,,,,,,,,,,,,,,,,,,,,,,,,,,,,,,,,,,,,,,,,,,,,,,,,,,,,,,,,,,,,,,,,,,,,,,,,,,,,,,,,,,,,,,,,,,,,,5.861495018107131
140,,,,,,,,,,,,,,,,,,,,,,,,,,,,,,,,,,,,,,,,,,,,,,,,,,,,,,,,,,,,,,,,,,,,,,,,,,,,,,,,,,,,,,,,,,,,,,,,,,,,,,,,,,,,,,,,,,,,,,,,,,,,,,,5.903664047014376
141,,,,,,,,,,,,,,,,,,,,,,,,,,,,,,,,,,,,,,,,,,,,,,,,,,,,,,,,,,,,,,,,,,,,,,,,,,,,,,,,,,,,,,,,,,,,,,,,,,,,,,,,,,,,,,,,,,,,,,,,,,,,,,,5.945833075921622
142,,,,,,,,,,,,,,,,,,,,,,,,,,,,,,,,,,,,,,,,,,,,,,,,,,,,,,,,,,,,,,,,,,,,,,,,,,,,,,,,,,,,,,,,,,,,,,,,,,,,,,,,,,,,,,,,,,,,,,,,,,,,,,,5.988002104828868
143,,,,,,,,,,,,,,,,,,,,,,,,,,,,,,,,,,,,,,,,,,,,,,,,,,,,,,,,,,,,,,,,,,,,,,,,,,,,,,,,,,,,,,,,,,,,,,,,,,,,,,,,,,,,,,,,,,,,,,,,,,,,,,,6.030171133736113
144,,,,,,,,,,,,,,,,,,,,,,,,,,,,,,,,,,,,,,,,,,,,,,,,,,,,,,,,,,,,,,,,,,,,,,,,,,,,,,,,,,,,,,,,,,,,,,,,,,,,,,,,,,,,,,,,,,,,,,,,,,,,,,,6.072340162643359
145,,,,,,,,,,,,,,,,,,,,,,,,,,,,,,,,,,,,,,,,,,,,,,,,,,,,,,,,,,,,,,,,,,,,,,,,,,,,,,,,,,,,,,,,,,,,,,,,,,,,,,,,,,,,,,,,,,,,,,,,,,,,,,,6.114509191550605
146,,,,,,,,,,,,,,,,,,,,,,,,,,,,,,,,,,,,,,,,,,,,,,,,,,,,,,,,,,,,,,,,,,,,,,,,,,,,,,,,,,,,,,,,,,,,,,,,,,,,,,,,,,,,,,,,,,,,,,,,,,,,,,,6.15667822045785
147,,,,,,,,,,,,,,,,,,,,,,,,,,,,,,,,,,,,,,,,,,,,,,,,,,,,,,,,,,,,,,,,,,,,,,,,,,,,,,,,,,,,,,,,,,,,,,,,,,,,,,,,,,,,,,,,,,,,,,,,,,,,,,,6.1988472493650955
148,,,,,,,,,,,,,,,,,,,,,,,,,,,,,,,,,,,,,,,,,,,,,,,,,,,,,,,,,,,,,,,,,,,,,,,,,,,,,,,,,,,,,,,,,,,,,,,,,,,,,,,,,,,,,,,,,,,,,,,,,,,,,,,6.241016278272341
149,,,,,,,,,,,,,,,,,,,,,,,,,,,,,,,,,,,,,,,,,,,,,,,,,,,,,,,,,,,,,,,,,,,,,,,,,,,,,,,,,,,,,,,,,,,,,,,,,,,,,,,,,,,,,,,,,,,,,,,,,,,,,,,6.283185307179586
